cycle,base,info,structural,incentives,combined,gain
0,0,0,0,0,0,0
1,2.115304853,2.571547076,2.695976773,3.940273745,4.417254251,-0.559933637
2,2.218996267,4.126918291,3.504769805,4.790543343,6.345914558,-1.638324347
3,2.405640813,4.666113646,3.836582331,4.396515968,8.108668602,0.020738283
4,2.364164247,4.832019909,4.18913314,4.645375363,9.373703857,0.435503939
5,2.550808793,5.848195769,4.251347988,5.246785566,10.36914144,0.124429703
6,2.613023642,6.034840315,4.396515968,5.703027789,11.92451265,1.016175862
7,2.986312733,6.781418499,4.583160514,5.516383243,13.08585649,2.1775197
8,3.380340108,7.362090419,4.562422231,5.474906678,14.47532144,3.836582328
9,3.380340108,7.465781833,4.91497304,5.785980921,14.70344255,3.297386972
10,3.421816674,7.548734965,5.267523849,6.014102032,15.42928246,3.442554962
11,3.131480713,8.108668602,5.620074658,6.345914558,16.2173372,2.405640808
12,3.131480713,8.855246786,5.557859809,6.594773953,16.4661966,1.721277478
13,3.649937785,8.938199917,5.578598092,6.325176275,17.62754044,4.085441726
14,3.587722937,8.875985068,5.868934052,6.345914558,18.39485691,4.479469106
15,3.546246371,9.041891331,5.910410618,6.677727084,19.51472418,4.977187889
16,3.712152634,10.12028204,5.931148901,6.117793447,19.6184156,4.87349648
17,3.712152634,10.74243053,5.993363749,6.885109913,19.34881792,3.152218996
18,3.836582331,10.26545002,6.42886769,7.175445873,20.38573206,4.189133139
19,3.732890917,10.90833679,6.553297387,7.424305268,20.9456657,3.525508089
20,3.712152634,10.5350477,6.366652841,7.196184156,21.58855247,4.914973041
21,4.04396516,10.78390709,6.636250518,7.341352136,21.92036499,5.246785566
22,4.126918291,11.46827043,6.926586479,7.382828702,22.16922439,4.645375361
23,4.168394857,11.77934467,6.822895064,7.673164662,23.35130651,5.412691828
24,4.396515968,11.80008295,7.175445873,7.362090419,23.18540025,5.640812944
25,4.147656574,11.84155952,7.362090419,7.818332642,23.28909166,4.562422227
26,4.603898797,11.94525093,7.44504355,7.756117793,24.24305268,6.304438001
27,4.686851929,12.42223144,7.113231024,7.673164662,23.89050187,6.055578602
28,4.666113646,12.29780174,7.548734965,7.776856076,24.72003318,6.428867691
29,4.749066777,12.60887599,7.693902945,8.025715471,25.4251348,6.594773948
30,4.728328494,13.27250104,7.610949813,8.170883451,26.66943177,7.071754454
31,4.91497304,12.67109083,7.735379511,8.66860224,26.77312319,7.527996689
32,5.018664455,13.3139776,7.44504355,8.316051431,26.95976773,7.922024059
33,4.749066777,13.89464952,7.569473248,8.730817088,27.49896309,6.802156788
34,5.205309,13.70800498,8.025715471,8.710078805,27.70634591,7.673164654
35,4.977187889,13.4384073,7.859809208,9.062629614,28.36997097,7.963500626
36,4.997926172,13.79095811,8.108668602,8.751555371,29.15802572,8.502695981
37,5.06014102,13.83243467,7.880547491,8.544172543,29.38614683,9.249274166
38,5.06014102,13.77021983,8.233098299,9.207797594,29.75943592,8.668602237
39,5.018664455,13.89464952,8.37826628,8.793031937,30.00829531,8.979676483
40,5.371215263,14.49605973,8.046453754,9.456656989,29.86312733,8.606387383
41,5.682289506,14.37163003,8.627125674,8.938199917,30.0290336,9.456656991
42,5.433430112,14.70344255,8.564910825,9.705516383,30.19493986,8.087930326
43,5.433430112,14.95230195,8.212360017,9.083367897,30.69265865,9.31148901
44,5.350476981,15.22189963,8.357527997,9.270012443,31.85400249,9.705516382
45,5.516383243,15.24263791,8.564910825,9.82994608,31.43923683,8.834508501
46,5.557859809,14.97304023,8.585649108,9.53961012,31.81252592,9.82994608
47,5.744504355,15.20116134,8.689340523,9.518871837,32.41393613,10.49357114
48,5.723766072,15.71961842,8.875985068,9.871422646,32.41393613,9.39444214
49,5.391953546,15.94773953,9.10410618,9.518871837,32.99460805,9.207797595
50,5.516383243,15.57445044,8.793031937,9.39444214,33.24346744,10.51430941
51,5.806719204,15.36706761,8.585649108,10.20323517,32.97386976,10.43135628
52,5.931148901,15.67814185,8.875985068,9.767731232,33.59601825,11.1364579
53,5.682289506,16.05143094,8.772293654,9.788469515,33.47158855,10.22397345
54,5.868934052,15.57445044,8.938199917,10.26545002,33.67897138,10.63873911
55,5.785980921,15.96847781,8.772293654,10.63873911,33.92783078,10.12028205
56,5.993363749,16.25881377,9.021153049,10.2861883,34.96474492,11.3853173
57,6.014102032,15.96847781,8.751555371,10.410618,34.8610535,11.75860638
58,5.910410618,16.11364579,8.855246786,10.07880547,35.64910825,12.42223144
59,5.889672335,15.96847781,9.166321029,10.49357113,35.69058482,11.84155952
60,5.993363749,16.09290751,9.10410618,10.63873911,35.73206139,11.88303609
61,6.097055164,16.2173372,9.062629614,10.86686022,35.73206139,11.77934468
62,6.117793447,16.54914973,9.000414766,10.63873911,36.5615927,12.60887599
63,6.325176275,16.63210286,9.24927416,10.63873911,36.72749896,12.85773538
64,6.221484861,16.52841145,9.166321029,10.63873911,37.22521775,13.33471588
65,6.304437993,16.98465367,9.24927416,10.88759851,36.74823725,12.2355869
66,6.470344255,16.73579428,9.000414766,10.82538366,36.41642472,12.79552052
67,6.262961427,17.10908337,9.311489009,10.43135628,36.81045209,12.48444629
68,6.42886769,17.3164662,9.311489009,10.70095396,36.95562007,12.48444628
69,6.387391124,17.10908337,9.352965574,11.11571962,37.03857321,12.23558689
70,6.055578598,17.27498963,9.622563252,11.15719618,37.72293654,11.77934467
71,6.180008295,17.3164662,9.581086686,11.19867275,37.47407715,11.7378681
72,6.42886769,17.10908337,9.166321029,11.09498134,37.84736624,13.33471588
73,6.159270012,17.73123185,9.083367897,11.42679386,37.90958109,11.98672751
74,6.491082538,17.39941933,9.124844463,11.59270012,38.09622563,12.96142679
75,6.553297387,17.37868105,9.498133555,11.07424305,38.59394442,13.74948154
76,6.449605973,17.37868105,9.145582746,11.36457901,38.1377022,13.14807134
77,6.57403567,17.08834509,9.290750726,11.44753214,38.75985068,14.08129406
78,6.553297387,17.68975529,9.228535877,11.40605558,39.23683119,14.01907922
79,6.615512236,17.83492327,9.021153049,11.59270012,39.54790543,14.33015346
80,6.57403567,17.58606387,9.498133555,11.75860639,39.65159685,13.95686438
81,6.28369971,17.39941933,9.477395272,11.09498134,40.14931564,14.74491912
82,6.28369971,17.87639983,9.311489009,11.59270012,40.04562422,13.83243468
83,6.739941933,17.93861468,9.560348403,11.67565326,39.73454998,14.0398175
84,6.86437163,18.08378266,9.53961012,11.32310245,40.08710079,14.86934882
85,6.698465367,17.75197014,9.6847781,12.06968063,40.25300705,14.14350891
86,6.57403567,18.08378266,9.498133555,11.48900871,40.37743675,14.45458317
87,6.636250518,18.39485691,9.6847781,11.44753214,40.58481958,14.33015347
88,6.968063044,18.12525923,9.518871837,11.59270012,41.1654915,15.8647864
89,6.905848196,18.0423061,9.664039818,11.88303608,41.18622978,15.40854417
90,6.511820821,18.5192866,9.498133555,11.24014932,41.35213604,15.11820821
91,6.822895064,18.49854832,9.622563252,12.40149316,41.31065948,14.43384488
92,6.86437163,18.56076317,10.01659063,12.00746578,41.68394857,14.82787225
93,6.594773953,18.22895064,9.767731232,11.94525093,41.68394857,14.93156367
94,6.822895064,18.68519287,9.705516383,12.19411033,41.66321029,14.72418084
95,6.905848196,18.18747408,9.53961012,12.25632518,41.39361261,15.22189962
96,6.760680216,18.6437163,9.6847781,12.85773538,41.33139776,13.66652841
97,6.656988801,18.45707175,9.726254666,12.21484861,41.99502281,14.91082539
98,6.739941933,18.49854832,9.746992949,12.33927831,42.24388221,15.1389465
99,6.491082538,18.08378266,9.933637495,12.04894235,42.26462049,15.18042306
100,6.885109913,18.72666943,9.892160929,12.31854002,42.01576109,14.84861054
101,6.71920365,18.60223973,9.871422646,12.04894235,42.55495645,15.47075902
102,7.00953961,18.66445458,9.6847781,12.8369971,42.76233928,15.59518872
103,6.739941933,18.62297802,9.871422646,12.21484861,42.30609706,15.07673165
104,6.988801327,18.87183741,9.746992949,12.13189548,42.57569473,15.80257155
105,6.781418499,18.95479054,9.871422646,12.52592285,43.07341352,15.28411448
106,6.677727084,18.83036085,9.788469515,12.21484861,43.15636665,15.67814184
107,6.947324762,18.80962256,9.705516383,12.98216508,43.28079635,15.67814185
108,7.133969307,18.83036085,9.933637495,12.81625881,43.17710494,15.8647864
109,6.988801327,19.16217337,9.788469515,12.13189548,43.19784322,16.09290751
110,7.051016176,19.09995852,9.726254666,12.89921195,43.38448776,15.76109498
111,7.051016176,18.97552883,9.912899212,12.50518457,43.52965574,16.23807548
112,7.051016176,19.03774367,9.726254666,12.29780174,43.61260888,16.65284116
113,6.86437163,19.26586479,9.954375778,12.56739942,43.42596433,15.3670676
114,6.843633347,19.43177105,9.871422646,12.73330568,43.59187059,15.24263791
115,7.237660722,18.54002489,9.664039818,12.52592285,43.79925342,17.54458731
116,6.947324762,19.26586479,9.954375778,12.38075487,44.02737453,16.32102862
117,7.071754459,19.07922024,9.912899212,12.31854002,43.9444214,16.77727085
118,6.926586479,19.47324762,9.705516383,12.27706346,44.02737453,16.42472003
119,7.071754459,19.34881792,9.975114061,12.73330568,44.64952302,16.73579428
120,6.86437163,19.32807964,9.871422646,12.60887599,44.73247615,16.65284113
121,6.760680216,19.07922024,9.809207798,13.04437993,44.60804645,16.19659891
122,7.051016176,19.43177105,9.705516383,12.44296972,45.25093322,17.77270842
123,7.00953961,19.22438822,9.6847781,12.69182912,44.9191207,17.33720448
124,7.279137287,19.47324762,9.601824969,12.87847366,45.08502696,17.68975529
125,6.885109913,18.97552883,9.622563252,12.96142679,45.37536292,17.58606387
126,6.947324762,19.41103277,9.726254666,13.06511821,45.74865201,17.44089589
127,7.092492742,19.32807964,9.664039818,12.98216508,45.62422231,17.83492326
128,6.947324762,19.74284529,9.82994608,13.35545417,45.56200747,16.52841145
129,6.822895064,19.43177105,9.435918706,13.16880962,45.04355039,16.65284114
130,7.15470759,19.65989216,9.975114061,13.4384073,45.20945666,16.44545832
131,7.071754459,19.43177105,9.622563252,13.4384073,45.31314807,16.96391539
132,6.926586479,19.39029448,9.788469515,12.65035255,45.23019494,17.25425135
133,7.092492742,19.92948984,9.975114061,13.08585649,46.03898797,17.23351306
134,7.237660722,19.51472418,9.933637495,12.73330568,45.70717545,18.00082954
135,6.947324762,19.90875156,9.788469515,13.02364164,46.10120282,17.27498963
136,7.051016176,19.43177105,9.975114061,12.85773538,46.1219411,17.95935296
137,7.071754459,19.59767731,9.995852343,13.62505185,45.47905433,16.40398175
138,7.113231024,19.41103277,9.767731232,13.06511821,45.79012858,17.77270842
139,7.00953961,19.39029448,10.05806719,12.98216508,46.26710908,17.85566155
140,7.237660722,19.55620075,10.14102032,12.73330568,46.45375363,18.49854832
141,7.362090419,19.51472418,9.954375778,13.16880962,46.39153878,18.47781004
142,7.175445873,19.55620075,10.16175861,12.50518457,46.30858565,18.43633347
143,7.092492742,19.34881792,9.995852343,12.91995023,46.78556616,18.70593115
144,7.071754459,19.76358358,9.809207798,13.562837,46.39153878,17.39941932
145,6.86437163,19.6184156,10.03732891,13.18954791,46.82704272,17.71049356
146,7.071754459,19.92948984,9.871422646,13.12733306,46.80630444,18.02156781
147,7.092492742,19.86727499,9.82994608,13.18954791,46.90999585,18.20821235
148,7.258399005,19.99170469,9.933637495,13.08585649,46.59892161,18.10452095
149,7.29987557,19.74284529,10.03732891,13.3139776,46.86851929,18.37411863
150,7.092492742,19.57693903,10.09954376,13.58357528,46.30858565,17.23351306
151,7.196184156,19.63915388,9.912899212,13.08585649,47.01368727,18.768146
152,7.258399005,19.68063044,9.933637495,13.4384073,47.15885525,18.62297803
153,7.113231024,19.76358358,9.82994608,13.45914558,46.82704272,18.00082953
154,6.760680216,20.03318125,10.07880547,13.52136043,46.64039818,16.52841146
155,7.175445873,19.68063044,9.6847781,13.4384073,46.99294898,18.54002489
156,6.947324762,19.68063044,10.07880547,12.87847366,47.51140606,18.76814601
157,7.175445873,19.65989216,9.850684363,13.52136043,47.44919121,18.768146
158,6.947324762,20.01244297,10.26545002,13.47988387,47.49066777,17.62754043
159,6.822895064,19.88801327,10.09954376,13.62505185,47.55288262,17.58606387
160,7.092492742,20.11613438,9.933637495,12.91995023,47.94691,19.16217338
161,6.988801327,19.78432186,9.912899212,13.64579013,47.92617171,18.56076316
162,7.133969307,20.01244297,10.07880547,13.02364164,48.09207798,19.24512651
163,7.196184156,19.95022812,9.933637495,13.47988387,47.76026545,18.78888428
164,7.133969307,19.92948984,9.933637495,13.562837,47.67731232,18.5192866
165,6.885109913,19.84653671,10.05806719,13.47988387,47.51140606,17.89713812
166,6.968063044,19.9709664,10.01659063,12.96142679,47.8224803,18.80962257
167,7.071754459,20.30277893,10.01659063,13.54209871,47.94691,18.22895065
168,7.092492742,20.24056408,10.20323517,13.99834094,48.27872252,18.02156781
169,7.15470759,20.11613438,10.20323517,14.12277063,48.40315222,18.27042722
170,7.196184156,20.05391954,9.871422646,13.99834094,48.71422646,19.18291165
171,7.279137287,19.82579842,9.809207798,13.4384073,48.02986313,19.51472419
172,7.341352136,20.24056408,10.03732891,13.66652841,48.11281626,18.85109913
173,7.279137287,20.17834923,10.16175861,13.45914558,48.71422646,19.47324761
174,7.258399005,19.92948984,10.05806719,13.60431356,48.52758192,19.45250934
175,7.15470759,20.30277893,10.07880547,13.68726669,48.34093737,18.58150146
176,7.196184156,20.2198258,10.07880547,13.89464952,48.71422646,18.91331398
177,6.988801327,20.28204065,9.975114061,13.70800498,48.52758192,18.54002488
178,7.216922439,20.26130236,9.871422646,14.1642472,48.19576939,18.33264206
179,7.175445873,20.48942348,10.09954376,13.62505185,48.58979676,18.72666942
180,7.320613853,20.26130236,9.892160929,13.62505185,48.96308586,19.82579843
181,7.15470759,20.13687267,10.01659063,13.37619245,49.21194525,19.99170468
182,7.29987557,19.95022812,10.20323517,13.89464952,49.00456242,19.55620075
183,6.947324762,20.71754459,10.01659063,13.97760265,48.69348818,17.87639983
184,7.279137287,20.40647034,10.03732891,14.0398175,48.98382414,19.05848196
185,7.424305268,20.61385317,9.954375778,13.66652841,48.63127333,19.24512651
186,6.926586479,20.15761095,10.07880547,13.33471589,48.90087101,19.18291166
187,7.15470759,20.40647034,9.975114061,13.77021983,48.85939444,19.01700539
188,7.196184156,20.32351721,9.975114061,13.95686437,48.69348818,18.83036085
189,7.237660722,20.26130236,10.01659063,13.81169639,48.98382414,19.3695562
190,7.051016176,20.13687267,10.18249689,13.83243467,49.50228121,19.45250933
191,7.196184156,20.15761095,9.995852343,14.18498548,49.41932808,19.47324762
192,7.237660722,20.51016176,9.871422646,13.87391124,49.35711323,19.57693903
193,7.258399005,20.11613438,10.01659063,13.68726669,49.50228121,20.19908752
194,7.320613853,20.28204065,10.07880547,13.91538781,49.58523434,19.95022812
195,7.279137287,20.36499378,9.809207798,13.79095811,49.64744919,20.24056408
196,7.237660722,20.3442555,9.850684363,13.99834094,49.75114061,20.03318125
197,7.133969307,20.36499378,9.975114061,13.95686437,49.56449606,19.53546246
198,6.988801327,20.48942348,9.850684363,13.93612609,49.2741601,18.97552882
199,7.051016176,20.28204065,9.954375778,13.72874326,49.23268353,19.36955619
200,7.341352136,20.59311489,10.01659063,14.20572377,49.70966404,19.57693902
201,7.113231024,20.36499378,10.01659063,13.87391124,49.81335545,19.78432185
202,7.071754459,20.17834923,9.892160929,13.72874326,49.70966404,20.05391954
203,7.133969307,20.55163832,9.850684363,13.62505185,50.35255081,20.59311489
204,7.258399005,20.53090004,9.933637495,13.81169639,49.8755703,20.11613439
205,7.196184156,20.48942348,10.03732891,14.10203235,50.20738283,19.9709664
206,7.133969307,20.36499378,9.933637495,13.52136043,49.8755703,20.32351721
207,7.216922439,20.48942348,9.912899212,14.0398175,49.95852343,19.95022812
208,7.237660722,20.38573206,9.82994608,13.81169639,49.95852343,20.40647034
209,7.113231024,20.05391954,9.912899212,14.24720033,49.50228121,19.51472418
210,6.988801327,20.77975944,10.05806719,13.64579013,50.35255081,19.8465367
211,7.486520116,20.59311489,10.01659063,13.83243467,50.6014102,21.13231024
212,7.216922439,20.17834923,9.933637495,13.89464952,50.14516798,20.57237661
213,6.947324762,20.32351721,10.2861883,14.1642472,50.16590626,19.28660307
214,7.030277893,20.53090004,10.01659063,14.12277063,50.04147657,19.43177106
215,7.071754459,20.2198258,9.933637495,13.79095811,50.16590626,20.36499377
216,7.279137287,20.53090004,9.954375778,14.41310659,50.51845707,20.17834924
217,7.279137287,20.46868519,10.22397345,14.33015346,49.95852343,19.4939859
218,7.113231024,20.26130236,10.09954376,13.35545417,50.55993364,21.0700954
219,7.29987557,20.26130236,10.16175861,13.58357528,50.51845707,21.11157196
220,7.071754459,20.13687267,9.912899212,13.95686437,50.64288677,20.77975944
221,7.071754459,20.48942348,9.746992949,14.35089175,50.93322273,20.48942347
222,7.29987557,20.44794691,10.05806719,13.83243467,51.43094152,21.69224389
223,7.092492742,20.61385317,9.975114061,14.22646205,50.70510162,20.07465782
224,7.320613853,20.6968063,10.22397345,14.49605973,50.43550394,19.65989217
225,7.341352136,20.61385317,9.975114061,14.26793861,50.66362505,20.48942348
226,7.216922439,20.42720863,9.871422646,14.33015346,51.24429697,21.04935711
227,7.29987557,20.44794691,10.20323517,14.49605973,50.7258399,20.17834923
228,7.29987557,20.46868519,10.14102032,14.2886769,51.22355869,20.92492742
229,7.362090419,20.80049772,10.05806719,14.24720033,50.8502696,20.4686852
230,7.237660722,20.71754459,10.05806719,14.7656574,51.28577354,20.2198258
231,7.465781833,20.75902115,10.07880547,14.51679801,51.16134384,20.73828288
232,7.341352136,20.40647034,10.09954376,14.55827457,50.99543758,20.61385318
233,7.175445873,20.46868519,10.14102032,14.39236831,50.80879303,20.15761096
234,7.175445873,20.75902115,9.892160929,13.74948154,50.45624222,20.40647035
235,7.29987557,20.61385317,10.05806719,13.89464952,51.11986727,21.15304853
236,7.424305268,20.61385317,9.82994608,13.83243467,50.97469929,21.54707591
237,7.320613853,20.65532974,9.975114061,14.30941518,51.61758606,21.31895479
238,7.237660722,20.48942348,9.726254666,14.47532144,51.5761095,21.36043136
239,7.320613853,20.46868519,10.03732891,14.1642472,51.01617586,20.98714227
240,7.071754459,20.26130236,10.01659063,13.95686437,51.26503526,21.17378682
241,7.362090419,20.53090004,10.14102032,14.10203235,51.63832435,21.58855248
242,7.382828702,20.59311489,10.07880547,14.0398175,51.41020324,21.46412278
243,7.258399005,20.821236,10.07880547,14.33015346,51.4516798,20.73828288
244,7.15470759,20.6968063,9.975114061,14.30941518,51.51389465,20.84197429
245,7.382828702,20.30277893,10.01659063,13.77021983,51.84570718,22.52177519
246,7.196184156,20.36499378,10.05806719,14.24720033,51.55537122,21.27747823
247,7.071754459,20.53090004,9.975114061,13.91538781,51.74201576,21.46412277
248,7.424305268,20.59311489,9.995852343,14.1642472,51.82496889,21.92036499
249,7.424305268,20.73828287,10.01659063,13.74948154,51.53463293,21.87888843
250,7.175445873,20.65532974,9.912899212,14.08129407,51.61758606,21.31895478
251,7.133969307,20.6968063,9.912899212,14.0398175,52.05309,21.6715056
252,7.341352136,20.77975944,9.975114061,14.10203235,51.55537122,21.38116964
253,7.279137287,20.65532974,9.767731232,14.53753629,51.7005392,21.29821651
254,7.15470759,20.77975944,10.03732891,14.35089175,52.15678142,21.2982165
255,7.279137287,20.38573206,9.871422646,14.64122771,52.28121112,21.94110328
256,7.362090419,20.55163832,9.809207798,14.66196599,51.80423061,21.50559934
257,7.279137287,20.61385317,9.995852343,14.30941518,52.28121112,21.920365
258,7.133969307,20.63459146,10.01659063,14.30941518,52.4263791,21.73372044
259,7.29987557,20.59311489,10.01659063,14.51679801,52.36416425,21.83741186
260,6.947324762,20.55163832,9.933637495,14.35089175,52.01161344,21.0700954
261,7.092492742,20.80049772,9.788469515,14.0398175,52.26047283,21.81667358
262,7.175445873,20.48942348,9.995852343,14.37163003,51.92866031,21.4226462
263,7.071754459,20.6968063,10.05806719,14.59975114,52.34342596,21.13231025
264,7.175445873,20.821236,10.07880547,14.14350892,52.19825798,21.50559934
265,7.237660722,20.51016176,9.809207798,14.20572377,52.40564081,22.35586893
266,7.29987557,20.77975944,10.07880547,14.18498548,52.40564081,21.96184156
267,7.382828702,20.46868519,10.07880547,14.20572377,52.63376192,22.64620489
268,6.926586479,20.51016176,9.975114061,14.1642472,52.50933223,21.71298217
269,7.258399005,20.80049772,9.954375778,14.80713397,52.38490253,21.33969307
270,7.216922439,20.51016176,9.995852343,14.59975114,52.38490253,21.71298217
271,7.216922439,20.86271257,9.850684363,14.2886769,52.63376192,22.06553297
272,7.175445873,20.75902115,9.933637495,14.68270427,52.19825798,21.17378681
273,7.216922439,20.53090004,10.09954376,14.55827457,52.46785566,21.71298217
274,7.175445873,20.80049772,9.933637495,14.68270427,52.32268768,21.25673994
275,7.175445873,20.63459146,10.09954376,14.62048942,52.53007051,21.52633762
276,7.403566985,20.80049772,9.850684363,14.06055579,52.32268768,22.41808378
277,7.216922439,20.36499378,10.03732891,14.30941518,52.7789299,22.50103691
278,7.382828702,20.84197428,10.01659063,14.22646205,52.7789299,22.45956034
279,7.29987557,20.6968063,10.12028204,14.62048942,52.92409788,22.08627126
280,7.175445873,20.53090004,9.995852343,14.18498548,53.27664869,22.91580257
281,7.175445873,20.71754459,9.995852343,14.57901286,52.79966819,21.85815014
282,7.175445873,20.86271257,9.850684363,14.35089175,52.94483617,22.23143923
283,7.424305268,20.51016176,9.933637495,14.2886769,52.86188304,22.97801742
284,7.486520116,20.46868519,9.871422646,13.87391124,52.94483617,23.70385733
285,7.051016176,20.80049772,9.975114061,14.59975114,52.75819162,21.48486105
286,7.320613853,20.86271257,9.746992949,14.20572377,52.9033596,22.72915802
287,7.237660722,20.71754459,9.788469515,14.01907922,53.25591041,23.20613853
288,7.341352136,20.84197428,9.850684363,14.22646205,53.13148071,22.89506429
289,7.133969307,20.6968063,9.82994608,14.49605973,53.38034011,22.62546661
290,7.196184156,20.65532974,10.01659063,14.26793861,53.11074243,22.56325176
291,7.175445873,21.02861883,10.09954376,14.33015346,53.48403152,22.37660722
292,7.320613853,20.67606802,10.01659063,14.57901286,52.98631273,22.35586893
293,7.030277893,20.96640398,9.954375778,14.41310659,52.98631273,21.71298217
294,7.15470759,21.17378681,9.954375778,14.37163003,53.21443384,22.0240564
295,7.133969307,21.0700954,9.954375778,14.06055579,53.09000415,22.2729158
296,7.133969307,20.38573206,9.995852343,14.49605973,52.84114475,22.23143923
297,7.15470759,20.53090004,9.809207798,14.68270427,53.33886354,22.62546661
298,7.092492742,20.77975944,9.746992949,14.20572377,53.38034011,22.83284944
299,7.175445873,20.73828287,9.975114061,14.20572377,53.42181667,22.85358772
300,7.362090419,20.92492742,9.892160929,14.18498548,53.42181667,23.14392368
301,7.320613853,20.71754459,9.726254666,14.43384488,52.98631273,22.7498963
302,7.071754459,20.6968063,10.01659063,14.53753629,53.33886354,22.23143924
303,7.175445873,20.90418913,10.01659063,14.45458316,53.21443384,22.18996267
304,7.092492742,21.00788055,9.954375778,14.10203235,53.40107839,22.5217752
305,7.362090419,20.80049772,9.912899212,14.70344255,53.19369556,22.50103692
306,7.216922439,20.73828287,9.892160929,14.49605973,53.35960182,22.66694317
307,7.196184156,20.77975944,9.892160929,14.97304023,53.81584405,22.56325176
308,7.320613853,20.40647034,9.933637495,14.66196599,53.44255496,23.08170884
309,7.237660722,20.821236,9.82994608,14.1642472,53.77436748,23.43425964
310,7.00953961,20.86271257,9.788469515,14.62048942,53.71215263,22.45956035
311,7.279137287,20.821236,9.809207798,14.55827457,54.16839486,23.53795107
312,7.196184156,20.84197428,10.01659063,14.93156367,53.79510577,22.3973455
313,7.237660722,20.80049772,9.995852343,14.57901286,53.83658233,22.93654085
314,6.905848196,20.30277893,10.09954376,14.57901286,53.23517213,22.06553297
315,7.258399005,20.38573206,10.01659063,14.2886769,53.98175031,23.80754873
316,7.424305268,20.53090004,9.933637495,14.39236831,53.71215263,23.70385732
317,7.092492742,20.92492742,9.995852343,13.93612609,53.67067607,22.9987557
318,7.133969307,20.86271257,9.933637495,14.45458316,53.91953546,22.93654085
319,7.29987557,20.67606802,9.954375778,14.64122771,53.8780589,23.20613853
320,7.424305268,20.67606802,10.01659063,14.35089175,53.60846122,23.41352136
321,7.196184156,20.67606802,9.912899212,15.0145168,53.81584405,22.60472833
322,7.092492742,20.77975944,9.871422646,14.64122771,54.4794691,23.37204479
323,7.133969307,20.75902115,9.912899212,14.68270427,53.98175031,22.89506429
324,7.113231024,20.6968063,10.07880547,14.41310659,53.96101203,22.99875572
325,7.196184156,20.75902115,9.850684363,14.45458316,54.08544173,23.41352137
326,7.113231024,20.61385317,10.03732891,14.39236831,53.7536292,22.93654086
327,7.175445873,20.63459146,9.892160929,14.49605973,54.14765657,23.4757362
328,7.320613853,20.80049772,9.954375778,14.55827457,54.10618001,23.43425965
329,7.175445873,20.59311489,9.767731232,14.82787225,54.12691829,23.28909166
330,7.320613853,20.42720863,9.954375778,14.20572377,53.8780589,23.93197843
331,7.44504355,20.67606802,9.809207798,14.24720033,53.91953546,24.07714641
332,7.237660722,20.67606802,9.912899212,14.35089175,54.04396516,23.57942762
333,7.092492742,20.61385317,9.933637495,14.24720033,53.91953546,23.30982995
334,7.237660722,20.48942348,10.16175861,14.78639569,54.10618001,23.14392367
335,7.382828702,20.77975944,10.05806719,14.30941518,54.06470344,23.68311903
336,7.341352136,20.96640398,9.746992949,14.41310659,54.12691829,23.68311904
337,7.279137287,20.821236,9.871422646,14.47532144,54.08544173,23.47573622
338,7.279137287,21.02861883,10.03732891,14.39236831,54.16839486,23.26835338
339,7.403566985,21.11157196,9.6847781,14.95230195,54.33430112,23.39278308
340,7.216922439,21.00788055,9.767731232,14.74491912,54.64537536,23.55868934
341,7.44504355,20.57237661,9.705516383,14.53753629,54.16839486,24.24305268
342,7.00953961,20.71754459,9.871422646,14.78639569,54.23060971,22.874326
343,7.113231024,20.86271257,9.975114061,15.09746993,54.23060971,22.5217752
344,7.44504355,20.90418913,9.871422646,14.80713397,54.37577769,23.68311904
345,7.071754459,20.71754459,9.53961012,14.43384488,54.56242223,24.01493156
346,7.341352136,20.90418913,9.664039818,14.41310659,53.96101203,23.66238076
347,7.030277893,21.11157196,9.6847781,14.7656574,54.14765657,22.6462049
348,7.279137287,21.04935711,9.975114061,14.72418084,54.64537536,23.45499792
349,7.175445873,20.88345085,10.03732891,14.49605973,54.76980506,23.70385732
350,7.113231024,20.98714226,10.01659063,14.62048942,54.33430112,22.93654086
351,7.175445873,20.86271257,10.12028204,14.59975114,54.95644961,23.72459561
352,7.258399005,20.80049772,9.871422646,14.70344255,54.64537536,23.78681045
353,7.258399005,20.90418913,9.871422646,14.99377852,54.66611365,23.41352136
354,7.320613853,20.55163832,10.03732891,14.82787225,54.68685193,23.91124016
355,7.051016176,20.59311489,9.912899212,14.47532144,54.74906678,23.86976359
356,6.988801327,20.90418913,9.912899212,14.62048942,54.64537536,23.18540025
357,7.133969307,20.77975944,9.912899212,14.84861054,54.62463708,23.3513065
358,7.175445873,20.75902115,9.82994608,14.68270427,54.64537536,23.72459561
359,7.320613853,20.9456657,9.892160929,14.74491912,54.83201991,23.89050187
360,7.341352136,20.73828287,9.975114061,14.7656574,54.43799253,23.64164247
361,7.092492742,21.00788055,10.05806719,14.93156367,54.62463708,22.81211115
362,7.092492742,21.29821651,9.82994608,14.66196599,54.85275819,23.24761509
363,7.196184156,20.67606802,9.82994608,14.95230195,54.50020738,23.43425964
364,6.86437163,20.821236,9.933637495,14.59975114,55.01866445,23.39278308
365,7.258399005,21.11157196,9.788469515,14.47532144,54.99792617,24.13936127
366,7.071754459,20.96640398,9.39444214,13.39693073,54.99792617,25.38365824
367,7.15470759,20.98714226,9.477395272,13.14807134,53.23517213,23.93197844
368,7.29987557,20.67606802,9.456656989,12.87847366,52.67523849,24.26379096
369,7.133969307,20.71754459,9.498133555,13.06511821,52.53007051,23.51721277
370,7.113231024,20.71754459,9.643301535,12.96142679,52.09456657,22.9987557
371,7.051016176,20.73828287,9.581086686,12.79552053,51.97013687,22.95727914
372,6.988801327,20.55163832,9.601824969,13.00290336,51.67980091,22.50103692
373,7.465781833,20.53090004,9.415180423,13.12733306,51.49315637,23.35130651
374,7.051016176,20.6968063,9.581086686,12.79552053,51.7005392,22.72915804
375,7.279137287,20.821236,9.477395272,12.81625881,51.09912899,22.54251348
376,7.29987557,20.73828287,9.53961012,12.73330568,51.28577354,22.87432601
377,7.382828702,20.80049772,9.560348403,12.62961427,51.14060556,22.91580257
378,7.133969307,20.46868519,9.601824969,12.54666114,51.14060556,22.79137288
379,6.86437163,20.51016176,9.39444214,12.91995023,51.49315637,22.3973455
380,7.175445873,20.46868519,9.498133555,12.69182912,50.93322273,22.62546661
381,7.092492742,20.42720863,9.53961012,12.77478225,50.87100788,22.31439236
382,7.196184156,20.26130236,9.311489009,12.65035255,50.87100788,23.04023227
383,6.885109913,20.40647034,9.498133555,12.7125674,51.14060556,22.29365409
384,6.822895064,20.40647034,9.53961012,12.62961427,50.66362505,21.73372045
385,7.44504355,20.19908752,9.664039818,12.75404397,50.41476566,22.68768145
386,7.279137287,20.13687267,9.415180423,12.5881377,50.97469929,23.39278307
387,7.15470759,20.6968063,9.518871837,12.81625881,50.6014102,21.87888843
388,7.00953961,20.63459146,9.705516383,12.79552053,50.58067192,21.46412277
389,7.15470759,20.2198258,9.373703857,12.56739942,50.29033596,22.43882206
390,7.382828702,20.24056408,9.290750726,12.62961427,50.43550394,23.04023227
391,7.279137287,20.11613438,9.352965574,12.91995023,50.02073828,22.18996267
392,7.113231024,20.44794691,9.290750726,12.65035255,49.83409374,21.6715056
393,7.133969307,20.36499378,9.456656989,12.75404397,50.14516798,21.83741186
394,7.092492742,20.11613438,9.39444214,12.75404397,50.22812111,22.1484861
395,7.279137287,20.40647034,9.311489009,12.62961427,49.77187889,21.98257985
396,7.175445873,20.30277893,9.435918706,12.38075487,50.02073828,22.25217752
397,7.279137287,20.42720863,9.435918706,12.65035255,49.75114061,21.7959353
398,7.237660722,20.40647034,9.207797594,12.21484861,49.70966404,22.35586894
399,7.382828702,20.44794691,9.415180423,12.40149316,50.14516798,22.64620489
400,7.29987557,20.15761095,9.373703857,12.48444629,49.54375778,22.12774782
401,7.196184156,20.2198258,9.332227292,12.65035255,49.91704687,22.10700954
402,7.29987557,19.84653671,9.435918706,12.54666114,49.89630859,22.66694317
403,7.196184156,20.24056408,9.415180423,12.463708,49.89630859,22.1692244
404,7.29987557,19.92948984,9.39444214,12.73330568,49.75114061,22.29365409
405,7.279137287,20.13687267,9.477395272,12.5881377,49.64744919,22.00331812
406,7.258399005,19.9709664,9.228535877,12.52592285,49.21194525,22.00331813
407,7.092492742,19.92948984,9.24927416,12.40149316,49.70966404,22.31439236
408,7.279137287,20.36499378,9.290750726,12.15263376,49.56449606,22.31439237
409,6.885109913,20.2198258,9.270012443,12.06968063,49.3985898,21.60929075
410,7.113231024,19.82579842,9.145582746,12.31854002,49.35711323,22.29365409
411,6.988801327,20.55163832,9.270012443,12.38075487,49.97926172,21.75445874
412,7.258399005,20.44794691,9.415180423,12.44296972,48.98382414,21.1945251
413,7.051016176,20.13687267,9.228535877,12.52592285,49.00456242,21.21526338
414,7.113231024,19.92948984,9.24927416,12.50518457,48.92160929,21.46412277
415,7.29987557,20.0953961,9.270012443,12.40149316,49.33637495,22.16922439
416,7.403566985,20.28204065,9.24927416,12.40149316,49.46080465,22.33513065
417,7.279137287,20.0953961,9.415180423,12.00746578,49.04603899,22.08627126
418,7.216922439,20.15761095,9.311489009,12.48444629,49.31563667,21.7959353
419,7.29987557,20.0953961,9.187059311,12.06968063,49.12899212,22.37660722
420,7.113231024,20.2198258,9.352965574,12.40149316,48.69348818,20.94566569
421,7.216922439,20.05391954,9.062629614,12.65035255,49.19120697,21.85815014
422,7.175445873,19.80506014,9.145582746,12.56739942,48.71422646,21.5470759
423,7.15470759,19.6184156,9.456656989,12.29780174,49.48154293,22.41808378
424,7.216922439,20.24056408,9.24927416,12.23558689,49.17046869,21.87888844
425,7.196184156,19.9709664,9.456656989,12.40149316,48.88013273,21.44338449
426,7.29987557,20.15761095,9.228535877,12.38075487,48.85939444,21.69224388
427,7.237660722,20.0953961,9.373703857,12.13189548,48.63127333,21.50559934
428,7.258399005,20.28204065,9.207797594,12.50518457,49.04603899,21.56781419
429,7.279137287,20.05391954,9.187059311,12.27706346,48.92160929,21.96184155
430,7.175445873,20.3442555,9.228535877,12.50518457,48.73496474,21.00788054
431,7.216922439,19.99170469,9.352965574,12.36001659,48.69348818,21.4226462
432,7.00953961,19.95022812,9.415180423,12.50518457,49.17046869,21.3189548
433,7.196184156,19.80506014,9.187059311,12.31854002,48.36167565,21.44338449
434,7.15470759,19.95022812,9.041891331,12.44296972,48.34093737,21.21526338
435,7.29987557,19.82579842,9.228535877,12.50518457,48.36167565,21.40190792
436,7.196184156,20.03318125,9.083367897,12.44296972,48.56905848,21.40190793
437,7.15470759,19.80506014,9.083367897,12.06968063,48.00912484,21.36043135
438,6.947324762,20.13687267,9.000414766,12.04894235,48.50684363,21.21526337
439,7.051016176,19.88801327,9.373703857,12.15263376,47.8224803,20.51016177
440,7.092492742,20.05391954,9.270012443,12.27706346,47.90543343,20.48942347
441,7.320613853,19.86727499,9.228535877,12.25632518,48.71422646,22.00331812
442,7.320613853,20.17834923,9.041891331,12.44296972,48.11281626,21.09083369
443,7.030277893,19.63915388,9.435918706,12.1111572,48.13355454,21.00788054
444,7.113231024,20.03318125,9.24927416,12.29780174,47.53214434,20.17834924
445,6.947324762,19.80506014,9.000414766,12.31854002,47.55288262,20.32351722
446,7.133969307,19.72210701,9.145582746,12.1111572,48.13355454,21.4226462
447,6.947324762,20.03318125,9.311489009,12.31854002,47.61509747,19.84653672
448,6.968063044,20.13687267,9.311489009,12.15263376,48.21650767,20.55163832
449,7.279137287,19.88801327,9.373703857,12.42223144,48.00912484,20.88345085
450,7.133969307,19.72210701,9.498133555,12.1111572,47.78100373,20.71754458
451,6.968063044,19.84653671,9.062629614,12.06968063,48.17503111,21.13231024
452,7.092492742,19.84653671,9.270012443,12.29780174,47.32476151,20.0953961
453,7.113231024,19.9709664,9.062629614,12.23558689,47.96764828,20.92492742
454,7.258399005,20.03318125,9.021153049,11.9867275,47.44919121,20.92492742
455,7.00953961,19.84653671,9.24927416,12.13189548,47.90543343,20.6968063
456,7.00953961,19.74284529,9.041891331,12.19411033,47.32476151,20.36499378
457,7.196184156,20.05391954,9.166321029,11.96598922,47.38697636,20.59311488
458,7.030277893,19.72210701,9.373703857,12.19411033,47.20033181,19.9709664
459,7.030277893,19.76358358,9.10410618,11.90377437,47.73952717,21.02861883
460,7.00953961,19.6184156,9.10410618,11.80008295,47.78100373,21.27747822
461,7.051016176,20.01244297,9.10410618,12.04894235,47.88469515,20.821236
462,7.15470759,19.55620075,9.24927416,11.96598922,47.44919121,20.98714226
463,7.092492742,20.05391954,9.270012443,12.27706346,47.34549979,19.92948983
464,7.00953961,19.68063044,9.207797594,12.19411033,47.46992949,20.40647035
465,7.258399005,19.72210701,9.24927416,11.82082124,47.34549979,21.07009539
466,7.113231024,20.01244297,9.083367897,12.27706346,47.32476151,20.17834923
467,7.133969307,19.68063044,9.10410618,12.04894235,47.01368727,20.44794691
468,7.196184156,19.82579842,9.207797594,12.23558689,47.26254666,20.38573207
469,7.216922439,19.34881792,8.855246786,11.8622978,47.44919121,21.81667358
470,7.216922439,19.68063044,8.938199917,11.94525093,47.15885525,21.02861884
471,7.051016176,19.55620075,9.041891331,12.42223144,47.78100373,20.86271256
472,7.175445873,20.03318125,8.9589382,11.88303608,47.65657404,21.13231026
473,7.196184156,19.78432186,8.896723351,12.19411033,46.66113646,20.17834923
474,7.15470759,19.57693903,9.228535877,11.82082124,47.42845292,21.11157195
475,6.988801327,19.68063044,9.000414766,12.09041891,46.82704272,20.03318126
476,6.988801327,19.68063044,9.145582746,12.25632518,46.93073414,19.82579843
477,7.133969307,19.72210701,9.10410618,12.38075487,46.82704272,19.88801327
478,7.29987557,19.84653671,8.896723351,12.40149316,46.88925757,20.34425549
479,7.133969307,19.88801327,9.041891331,11.92451265,46.47449191,19.88801327
480,7.113231024,19.70136873,9.041891331,12.40149316,47.30402323,20.38573206
481,7.175445873,19.53546246,8.938199917,12.33927831,46.90999585,20.44794691
482,7.15470759,19.80506014,9.10410618,12.40149316,47.40771464,20.40647034
483,7.133969307,20.15761095,8.9589382,12.23558689,47.13811696,20.05391953
484,7.15470759,19.88801327,9.145582746,11.9867275,47.2210701,20.51016176
485,7.15470759,19.78432186,8.9589382,12.09041891,46.72335131,20.19908752
486,7.15470759,19.70136873,8.896723351,12.17337204,46.95147242,20.48942348
487,7.051016176,19.57693903,8.855246786,12.15263376,47.28328494,20.80049772
488,7.030277893,19.51472418,8.9589382,11.92451265,46.847781,20.51016176
489,6.822895064,19.9709664,9.062629614,11.94525093,46.32932393,18.99626711
490,7.15470759,19.55620075,8.896723351,11.90377437,46.49523019,20.4479469
491,7.133969307,19.72210701,9.062629614,12.15263376,46.03898797,19.3695562
492,7.237660722,19.76358358,9.062629614,12.19411033,46.41227706,19.86727498
493,7.44504355,19.55620075,8.730817088,12.06968063,46.45375363,20.98714226
494,7.196184156,20.01244297,8.772293654,12.15263376,46.2463708,19.70136873
495,7.133969307,19.88801327,9.041891331,11.80008295,46.82704272,20.36499378
496,7.216922439,19.74284529,8.9589382,11.9867275,46.66113646,20.40647035
497,7.29987557,19.51472418,9.10410618,12.463708,46.49523019,20.01244297
498,7.15470759,19.74284529,9.145582746,12.04894235,47.07590212,20.44794691
499,7.279137287,19.45250933,9.124844463,12.25632518,46.28784737,20.01244297
500,7.258399005,19.72210701,9.332227292,12.00746578,46.22563252,19.68063045
501,7.00953961,19.43177105,9.166321029,12.13189548,46.26710908,19.55620074
502,6.968063044,19.57693903,9.124844463,12.09041891,45.97677312,19.12069681
503,6.656988801,19.70136873,9.228535877,12.1111572,45.99751141,18.27042721
504,7.113231024,19.39029448,9.145582746,12.13189548,46.18415595,19.74284529
505,7.15470759,19.32807964,9.021153049,12.09041891,46.3708005,20.24056408
506,6.968063044,19.76358358,8.917461634,12.00746578,46.08046454,19.32807963
507,7.29987557,19.26586479,9.021153049,12.21484861,46.10120282,20.19908751
508,7.341352136,19.53546246,8.938199917,12.17337204,46.22563252,20.26130238
509,7.133969307,19.51472418,8.875985068,12.17337204,45.66569888,19.36955621
510,7.175445873,19.72210701,9.083367897,12.04894235,46.26710908,19.76358357
511,7.320613853,19.45250933,8.730817088,11.8622978,45.70717545,20.30277894
512,7.133969307,19.59767731,8.979676483,12.04894235,46.68187474,20.32351721
513,7.279137287,19.34881792,8.585649108,12.04894235,46.49523019,21.07009539
514,7.237660722,19.68063044,8.979676483,12.06968063,46.28784737,20.03318126
515,7.051016176,19.09995852,8.9589382,12.25632518,45.70717545,19.4939859
516,7.216922439,19.34881792,8.81377022,11.90377437,46.53670676,20.90418913
517,7.113231024,19.4939859,8.896723351,12.42223144,46.88925757,20.30277893
518,7.175445873,19.57693903,8.938199917,12.1111572,45.5205309,19.2451265
519,6.988801327,19.3695562,9.021153049,12.31854002,45.89381999,19.16217338
520,7.175445873,19.4939859,8.979676483,12.19411033,46.32932393,20.01244296
521,7.071754459,19.51472418,9.062629614,11.96598922,46.20489423,19.80506013
522,7.15470759,19.41103277,8.979676483,11.8622978,46.16341767,20.2198258
523,7.133969307,19.74284529,8.875985068,12.1111572,45.81086686,19.34881792
524,7.092492742,19.63915388,8.938199917,11.75860639,46.03898797,19.88801327
525,7.341352136,19.28660307,8.896723351,12.09041891,46.78556616,21.1945251
526,7.092492742,19.43177105,9.124844463,12.15263376,45.72791373,19.20364994
527,7.113231024,19.3695562,8.834508503,12.09041891,45.76939029,19.70136873
528,6.947324762,19.45250933,9.041891331,12.04894235,46.30858565,19.65989216
529,7.071754459,19.55620075,8.66860224,12.27706346,45.97677312,19.61841559
530,7.133969307,19.45250933,8.772293654,12.00746578,46.30858565,20.3442555
531,7.071754459,19.43177105,8.979676483,12.13189548,46.05972625,19.65989216
532,6.968063044,19.14143509,8.834508503,12.27706346,45.99751141,19.68063045
533,6.760680216,19.80506014,8.730817088,12.23558689,45.83160514,18.58150145
534,7.133969307,19.3695562,8.81377022,12.06968063,45.54126918,19.55620074
535,7.051016176,19.2451265,8.855246786,12.31854002,45.49979262,19.18291167
536,7.175445873,19.41103277,8.896723351,11.92451265,45.37536292,19.4939859
537,7.030277893,19.55620075,9.10410618,11.94525093,45.83160514,19.28660307
538,7.15470759,19.51472418,8.710078805,12.1111572,45.91455827,19.88801327
539,7.29987557,19.55620075,8.979676483,12.04894235,45.56200747,19.57693903
540,7.15470759,19.09995852,8.917461634,12.15263376,45.83160514,19.97096641
541,7.071754459,19.16217337,8.710078805,11.80008295,45.62422231,20.0953961
542,7.051016176,19.34881792,8.772293654,11.71712982,45.45831605,19.72210701
543,7.196184156,19.63915388,8.855246786,11.71712982,45.10576524,19.28660307
544,6.988801327,19.65989216,8.834508503,12.00746578,44.89838241,18.37411862
545,7.030277893,19.55620075,8.834508503,12.13189548,45.27167151,18.80962256
546,7.071754459,19.22438822,8.834508503,11.80008295,45.3961012,19.68063045
547,7.051016176,19.3695562,8.834508503,12.15263376,45.06428868,18.80962257
548,7.15470759,19.59767731,8.917461634,12.00746578,45.27167151,19.05848197
549,7.071754459,19.22438822,9.062629614,12.04894235,46.01824969,19.82579842
550,6.905848196,19.20364994,8.979676483,11.80008295,45.31314807,19.14143509
551,7.030277893,19.28660307,8.606387391,12.04894235,45.74865201,19.86727499
552,7.196184156,19.18291165,8.9589382,12.06968063,45.5205309,19.70136873
553,7.051016176,19.4939859,9.10410618,11.9867275,45.68643716,19.20364993
554,6.905848196,19.2451265,8.81377022,12.06968063,45.31314807,18.99626711
555,7.092492742,19.45250933,8.979676483,12.17337204,45.37536292,18.95479055
556,7.092492742,19.2451265,8.875985068,12.00746578,45.47905433,19.53546247
557,7.030277893,19.09995852,8.772293654,12.06968063,45.31314807,19.43177105
558,6.905848196,19.39029448,8.834508503,11.90377437,45.45831605,19.14143509
559,7.113231024,19.20364994,8.627125674,12.21484861,45.60348403,19.78432185
560,7.092492742,19.41103277,8.896723351,12.13189548,45.62422231,19.36955619
561,6.988801327,19.34881792,8.730817088,11.96598922,45.58274575,19.51472418
562,7.196184156,19.28660307,8.9589382,12.29780174,45.72791373,19.57693903
563,7.196184156,19.05848196,8.875985068,12.09041891,45.25093322,19.61841559
564,6.947324762,19.20364994,8.855246786,11.88303608,45.37536292,19.32807964
565,7.15470759,19.14143509,8.627125674,11.92451265,45.20945666,19.82579843
566,7.216922439,19.34881792,8.917461634,11.94525093,45.06428868,19.28660307
567,6.968063044,19.43177105,8.793031937,11.92451265,45.10576524,18.89257569
568,7.00953961,19.3695562,8.730817088,11.7378681,44.89838241,19.07922024
569,7.424305268,19.03774367,8.855246786,11.55122356,45.14724181,20.55163833
570,7.051016176,19.22438822,8.627125674,11.82082124,44.87764413,19.30734135
571,7.00953961,19.20364994,8.896723351,11.84155952,45.00207383,19.07922024
572,7.113231024,19.18291165,8.627125674,11.8622978,44.794691,19.34881792
573,7.196184156,19.16217337,8.917461634,11.84155952,45.23019494,19.70136873
574,7.175445873,19.18291165,8.689340523,11.92451265,44.794691,19.34881792
575,6.947324762,19.14143509,8.502695977,11.9867275,45.27167151,19.53546247
576,7.092492742,19.22438822,8.627125674,12.23558689,44.87764413,18.97552883
577,7.030277893,18.91331398,8.647863957,12.00746578,44.6702613,19.16217337
578,6.926586479,19.12069681,8.730817088,12.09041891,45.25093322,19.16217337
579,6.781418499,18.85109913,8.9589382,11.75860639,45.12650353,19.12069681
580,6.968063044,19.01700539,9.041891331,11.94525093,44.48361676,18.4155952
581,7.196184156,19.18291165,8.979676483,11.88303608,44.98133555,19.32807965
582,6.968063044,19.28660307,8.751555371,12.04894235,44.85690585,18.70593115
583,6.885109913,18.87183741,8.606387391,12.13189548,45.02281211,19.18291166
584,6.926586479,19.16217337,8.834508503,12.09041891,44.93985898,18.70593116
585,7.051016176,19.20364994,8.896723351,11.59270012,44.6702613,19.07922024
586,6.988801327,18.97552883,8.896723351,11.84155952,44.96059726,19.22438821
587,6.905848196,18.99626711,8.9589382,11.75860639,44.85690585,18.95479054
588,6.968063044,19.12069681,8.772293654,12.00746578,44.77395272,18.80962256
589,6.988801327,19.34881792,8.772293654,11.77934467,44.62878474,18.70593115
590,7.175445873,19.20364994,8.979676483,11.7378681,44.50435504,18.93405226
591,6.988801327,19.09995852,8.896723351,11.80008295,44.08958938,18.27042721
592,6.947324762,19.41103277,8.647863957,11.71712982,44.21401908,18.33264206
593,7.030277893,18.97552883,8.585649108,12.1111572,44.21401908,18.60223973
594,6.968063044,19.09995852,8.627125674,11.67565326,44.56656989,19.09995852
595,7.071754459,19.05848196,8.440481128,11.84155952,44.73247615,19.53546246
596,7.15470759,18.95479054,8.66860224,11.59270012,44.62878474,19.72210702
597,7.051016176,18.768146,8.544172543,11.80008295,44.75321443,19.74284529
598,7.15470759,19.41103277,8.751555371,11.88303608,44.77395272,19.03774368
599,7.00953961,19.43177105,8.647863957,11.7378681,44.48361676,18.68519287
600,6.926586479,19.14143509,8.875985068,12.15263376,44.37992534,18.06304438
601,7.071754459,19.55620075,8.938199917,11.88303608,44.69099959,18.45707176
602,6.905848196,19.07922024,8.917461634,11.84155952,43.98589797,17.95935297
603,7.030277893,19.39029448,8.896723351,11.8622978,44.23475736,18.14599752
604,7.133969307,19.18291165,8.689340523,11.57196184,44.64952302,19.47324762
605,6.947324762,19.41103277,8.544172543,11.69639154,44.27623393,18.5192866
606,7.15470759,18.95479054,8.66860224,11.63417669,43.77851514,18.83036085
607,7.00953961,19.22438822,8.751555371,11.53048528,44.23475736,18.74740771
608,6.988801327,19.01700539,8.689340523,11.92451265,44.42140191,18.768146
609,6.698465367,18.85109913,8.730817088,11.8622978,44.56656989,18.51928661
610,7.030277893,19.2451265,8.772293654,11.55122356,44.73247615,19.22438822
611,7.030277893,18.91331398,9.021153049,12.02820406,44.23475736,18.33264206
612,6.947324762,18.95479054,8.606387391,11.71712982,44.04811282,18.66445459
613,6.905848196,19.32807964,9.000414766,12.23558689,44.27623393,17.52384903
614,6.947324762,19.16217337,8.627125674,11.75860639,44.15180423,18.49854832
615,7.071754459,18.89257569,8.896723351,11.82082124,43.73703857,18.27042721
616,7.15470759,18.87183741,8.81377022,11.80008295,44.13106595,18.95479055
617,7.00953961,18.97552883,8.834508503,11.94525093,44.0688511,18.33264206
618,7.175445873,19.05848196,8.875985068,11.84155952,44.21401908,18.78888428
619,7.279137287,19.18291165,8.855246786,11.90377437,44.17254251,18.78888428
620,7.113231024,18.93405226,8.647863957,11.34384073,44.25549564,19.55620074
621,7.15470759,19.01700539,8.896723351,11.88303608,43.90294484,18.4155952
622,7.071754459,18.74740771,8.834508503,11.55122356,44.93985898,19.95022813
623,6.905848196,19.22438822,9.041891331,11.84155952,44.1932808,17.89713812
624,6.905848196,19.03774367,9.041891331,11.92451265,43.96515968,17.77270842
625,7.216922439,19.05848196,8.751555371,11.69639154,44.00663625,18.93405226
626,7.071754459,18.80962256,8.730817088,11.82082124,43.96515968,18.74740771
627,6.926586479,18.97552883,8.647863957,11.8622978,44.02737453,18.3948569
628,7.030277893,19.22438822,8.564910825,11.96598922,44.25549564,18.56076316
629,6.885109913,18.95479054,8.751555371,11.75860639,43.90294484,18.20821237
630,6.843633347,19.03774367,8.37826628,12.02820406,44.23475736,18.47781004
631,6.656988801,19.20364994,8.461219411,11.67565326,44.75321443,18.72666942
632,6.781418499,18.60223973,8.647863957,12.13189548,44.25549564,18.43633347
633,6.926586479,19.20364994,8.875985068,11.71712982,44.33844878,18.39485691
634,6.968063044,19.34881792,8.81377022,11.75860639,44.33844878,18.35338034
635,6.926586479,19.28660307,8.834508503,11.8622978,44.31771049,18.18747408
636,6.86437163,19.2451265,8.689340523,11.75860639,44.56656989,18.60223974
637,6.988801327,18.70593115,8.793031937,11.48900871,43.77851514,18.768146
638,6.86437163,18.93405226,8.730817088,11.75860639,43.57113231,17.87639983
639,6.926586479,19.34881792,8.834508503,11.80008295,43.61260888,17.48237247
640,6.822895064,19.26586479,8.730817088,11.96598922,44.17254251,17.85566154
641,6.926586479,18.72666943,8.793031937,11.92451265,43.3430112,17.75197014
642,6.968063044,18.83036085,8.647863957,11.65491497,43.92368312,18.72666943
643,6.843633347,18.5192866,8.647863957,11.7378681,43.15636665,17.93861469
644,7.00953961,18.95479054,8.855246786,11.8622978,43.77851514,18.12525923
645,6.968063044,19.43177105,8.52343426,11.94525093,44.00663625,18.0423061
646,7.113231024,18.80962256,8.606387391,11.71712982,43.75777686,18.85109914
647,7.00953961,19.01700539,8.793031937,11.61343841,43.65408544,18.24968892
648,7.15470759,19.05848196,8.66860224,11.67565326,43.55039403,18.45707175
649,7.175445873,19.16217337,8.481957694,11.80008295,43.73703857,18.6437163
650,7.237660722,18.99626711,8.647863957,11.88303608,43.48817918,18.43633348
651,7.00953961,19.22438822,8.689340523,11.82082124,43.71630029,18.00082953
652,7.237660722,18.85109913,8.606387391,11.71712982,43.65408544,18.95479054
653,7.15470759,18.97552883,8.37826628,11.77934467,43.4674409,18.6437163
654,6.781418499,18.87183741,8.647863957,11.59270012,43.71630029,18.1667358
655,6.822895064,19.12069681,8.585649108,12.00746578,43.79925342,17.73123185
656,6.988801327,19.18291165,8.730817088,11.71712982,43.05267524,17.39941934
657,6.802156781,18.72666943,8.730817088,11.9867275,43.71630029,17.87639983
658,7.00953961,18.95479054,8.647863957,11.77934467,43.55039403,18.18747408
659,6.926586479,18.95479054,8.834508503,11.88303608,43.36374948,17.54458732
660,7.051016176,19.09995852,8.52343426,11.63417669,43.42596433,18.27042721
661,6.988801327,19.16217337,8.834508503,11.82082124,43.69556201,17.85566155
662,7.133969307,19.09995852,8.647863957,11.67565326,43.50891746,18.35338034
663,7.133969307,18.768146,8.875985068,11.90377437,43.79925342,18.5192866
664,7.051016176,19.20364994,8.772293654,11.59270012,43.84072999,18.37411863
665,6.802156781,19.07922024,8.689340523,11.82082124,43.9444214,17.95935296
666,6.822895064,19.16217337,8.585649108,11.96598922,43.71630029,17.64827872
667,6.926586479,19.20364994,8.855246786,11.48900871,43.67482372,17.98009124
668,6.988801327,19.2451265,8.710078805,11.55122356,43.48817918,17.95935297
669,6.988801327,18.99626711,8.751555371,11.77934467,43.75777686,18.20821236
670,7.133969307,18.768146,8.606387391,11.7378681,43.28079635,18.43633347
671,7.030277893,19.12069681,8.81377022,11.8622978,43.86146827,18.12525923
672,6.802156781,19.26586479,8.52343426,11.92451265,43.92368312,17.81418498
673,7.092492742,18.83036085,8.419742845,11.57196184,43.38448776,18.74740771
674,6.802156781,19.03774367,8.689340523,11.69639154,43.13562837,17.3164662
675,7.071754459,19.07922024,8.689340523,11.65491497,43.55039403,18.27042722
676,6.843633347,18.97552883,8.834508503,11.69639154,43.59187059,17.77270841
677,6.802156781,18.72666943,8.710078805,11.84155952,43.48817918,17.81418499
678,6.926586479,19.05848196,8.606387391,11.65491497,43.57113231,18.10452095
679,6.947324762,18.58150145,8.834508503,11.28162588,43.59187059,18.78888428
680,7.196184156,18.68519287,8.710078805,11.84155952,43.44670261,18.60223973
681,6.947324762,19.18291165,8.710078805,11.92451265,43.01119867,17.08834509
682,6.885109913,18.89257569,8.627125674,11.71712982,43.4674409,18.00082954
683,7.113231024,18.91331398,8.730817088,12.00746578,43.4674409,18.0423061
684,6.988801327,19.30734135,8.627125674,11.67565326,42.82455413,17.1920365
685,6.947324762,18.74740771,8.772293654,11.57196184,43.44670261,18.24968893
686,7.113231024,18.95479054,8.627125674,11.59270012,43.11489009,18.1667358
687,6.71920365,19.05848196,8.647863957,11.84155952,42.94898382,16.83948568
688,7.030277893,18.95479054,8.440481128,11.80008295,43.38448776,18.24968893
689,6.86437163,18.91331398,8.564910825,11.77934467,43.28079635,17.75197014
690,6.947324762,18.68519287,8.502695977,11.82082124,43.59187059,18.47781003
691,7.071754459,18.91331398,8.606387391,11.53048528,43.2185815,18.31190377
692,6.781418499,18.83036085,8.710078805,11.7378681,43.15636665,17.44089589
693,7.030277893,18.6437163,8.502695977,11.90377437,43.36374948,18.37411862
694,6.86437163,19.01700539,8.689340523,11.96598922,42.67938615,16.73579428
695,7.237660722,18.83036085,8.52343426,11.7378681,43.01119867,18.3948569
696,6.781418499,18.66445458,8.896723351,11.71712982,43.38448776,17.66901701
697,7.196184156,18.89257569,8.647863957,11.46827043,42.76233928,18.14599752
698,7.00953961,18.70593115,8.564910825,11.57196184,42.96972211,18.14599752
699,6.885109913,18.80962256,8.647863957,11.96598922,42.67938615,17.02613024
700,6.905848196,18.91331398,8.834508503,11.69639154,43.15636665,17.52384902
701,7.051016176,18.72666943,8.66860224,11.84155952,43.19784322,18.06304438
702,6.822895064,18.80962256,8.606387391,11.80008295,43.40522605,17.83492328
703,6.947324762,19.18291165,8.66860224,11.88303608,42.80381584,16.96391539
704,7.133969307,18.91331398,8.52343426,11.84155952,42.76233928,17.75197013
705,6.905848196,18.89257569,8.834508503,11.46827043,42.76233928,17.37868105
706,6.822895064,18.91331398,8.710078805,12.04894235,42.76233928,16.73579427
707,6.885109913,18.91331398,8.627125674,11.67565326,43.07341352,17.62754043
708,6.905848196,18.54002489,8.606387391,11.75860639,42.40978847,17.31646619
709,6.802156781,18.70593115,8.647863957,11.71712982,43.0941518,17.62754044
710,6.86437163,18.66445458,8.461219411,11.63417669,42.80381584,17.77270842
711,6.968063044,19.01700539,8.336789714,11.7378681,43.0941518,17.93861468
712,7.175445873,18.87183741,8.81377022,11.8622978,42.82455413,17.62754045
713,6.677727084,18.66445458,8.52343426,11.48900871,42.82455413,17.50311075
714,7.237660722,18.80962256,8.316051431,11.67565326,42.34757362,18.02156781
715,6.905848196,18.60223973,8.689340523,11.77934467,42.28535877,17.02613024
716,7.071754459,18.68519287,8.461219411,11.69639154,42.18166736,17.48237246
717,6.926586479,19.01700539,8.481957694,11.44753214,43.07341352,17.98009125
718,6.947324762,18.39485691,8.896723351,11.75860639,42.82455413,17.669017
719,7.216922439,18.93405226,8.585649108,11.7378681,42.78307756,17.95935297
720,7.216922439,18.58150145,8.502695977,11.75860639,43.40522605,18.99626711
721,7.071754459,18.99626711,8.544172543,11.61343841,42.86603069,17.85566155
722,6.968063044,18.85109913,8.585649108,11.59270012,42.45126504,17.35794277
723,7.00953961,19.01700539,8.52343426,11.7378681,42.40978847,17.15055994
724,6.968063044,18.99626711,8.585649108,11.82082124,42.28535877,16.8187474
725,7.030277893,18.72666943,8.689340523,11.77934467,42.26462049,17.12982165
726,6.947324762,19.01700539,8.564910825,11.80008295,42.43052675,16.94317711
727,7.15470759,18.93405226,8.627125674,11.61343841,42.72086271,17.85566155
728,6.988801327,18.72666943,8.710078805,11.3853173,42.3683119,17.52384902
729,6.86437163,19.05848196,8.440481128,11.90377437,42.14019079,16.46619659
730,6.86437163,18.80962256,8.647863957,11.84155952,42.4927416,16.92243882
731,,,,,,
732,,,,,,
