cycle,beginning,1yeardelay,2yeardelay
0,0,0,0
1,4.4794691,2.405640813,2.322687681
2,7.133969307,2.281211116,2.177519701
3,8.81377022,2.737453339,2.156781418
4,9.767731232,2.716715056,2.343425964
5,10.86686022,2.695976773,2.343425964
6,12.04894235,2.841144753,2.571547076
7,12.50518457,2.944836168,2.758191622
8,13.562837,2.944836168,2.67523849
9,14.26793861,3.193695562,3.027789299
10,15.45002074,3.131480713,2.944836168
11,16.11364579,3.172957279,2.986312733
12,16.48693488,3.131480713,3.110742431
13,17.64827872,3.504769805,3.857320614
14,18.83036085,3.338863542,3.172957279
15,19.43177105,3.504769805,3.629199502
16,20.51016176,3.401078391,3.649937785
17,20.73828287,3.670676068,3.587722937
18,21.02861883,3.795105765,3.712152634
19,21.75445873,3.878058897,3.484031522
20,21.65076732,3.961012028,3.919535462
21,23.14392368,4.064703443,3.940273745
22,24.03566985,3.89879718,3.629199502
23,23.86976358,4.230609706,4.023226877
24,24.78224803,4.230609706,3.981750311
25,24.80298631,4.500207383,3.940273745
26,25.25922854,4.313562837,4.272086271
27,25.5495645,4.272086271,4.4794691
28,26.04728328,4.458730817,4.168394857
29,26.60721692,4.91497304,4.355039403
30,27.22936541,4.583160514,4.375777686
31,27.43674824,4.728328494,4.603898797
32,27.91372874,4.645375363,4.790543343
33,28.3284944,4.76980506,4.811281626
34,28.10037329,4.997926172,4.645375363
35,28.5773538,4.832019909,4.749066777
36,28.82621319,4.91497304,4.520945666
37,29.38614683,5.122355869,4.603898797
38,29.36540854,5.309000415,4.583160514
39,29.84238905,5.163832435,4.873496474
40,30.3815844,5.267523849,4.894234757
41,30.65118208,5.371215263,4.852758192
42,31.43923683,5.309000415,5.143094152
43,31.72957279,5.246785566,5.184570718
44,32.12360017,5.412691829,5.267523849
45,31.72957279,5.039402737,5.495644961
46,32.14433845,5.309000415,5.433430112
47,32.51762754,5.640812941,5.288262132
48,33.13977603,5.474906678,5.309000415
49,33.49232684,5.723766072,5.433430112
50,33.49232684,5.620074658,5.350476981
51,33.63749482,5.454168395,5.474906678
52,33.61675653,5.785980921,5.661551224
53,34.44628785,5.868934052,5.288262132
54,34.46702613,6.076316881,5.557859809
55,34.92326835,5.661551224,5.889672335
56,34.96474492,5.848195769,5.620074658
57,34.92326835,5.412691829,6.117793447
58,34.96474492,6.076316881,5.640812941
59,35.35877229,5.889672335,5.661551224
60,35.52467856,5.806719204,5.785980921
61,35.98092078,5.868934052,5.827457487
62,36.54085442,6.034840315,5.744504355
63,36.54085442,6.014102032,6.159270012
64,36.83119038,5.910410618,6.014102032
65,36.66528411,6.117793447,5.931148901
66,36.99709664,6.014102032,6.034840315
67,36.83119038,5.889672335,6.097055164
68,36.81045209,5.931148901,5.993363749
69,37.43260058,6.076316881,6.304437993
70,38.03401078,6.200746578,6.159270012
71,37.97179594,6.304437993,6.076316881
72,37.86810452,6.325176275,6.13853173
73,37.86810452,6.387391124,6.28369971
74,38.22065533,6.304437993,6.180008295
75,38.11696392,6.221484861,6.097055164
76,38.53172957,6.470344255,5.972625467
77,39.11240149,6.325176275,6.262961427
78,38.75985068,6.387391124,6.345914558
79,39.23683119,6.117793447,6.449605973
80,39.48569058,6.42886769,6.117793447
81,39.65159685,6.449605973,6.615512236
82,39.29904604,6.57403567,6.159270012
83,38.90501866,6.491082538,6.221484861
84,39.3405226,6.408129407,6.345914558
85,39.589382,6.42886769,6.387391124
86,39.61012028,6.677727084,6.636250518
87,39.83824139,6.325176275,6.656988801
88,39.31978432,6.449605973,6.698465367
89,40.04562422,6.739941933,6.262961427
90,40.29448362,6.71920365,6.304437993
91,40.50186645,6.470344255,6.366652841
92,40.37743675,6.86437163,6.511820821
93,40.29448362,6.511820821,6.345914558
94,40.56408129,6.636250518,6.615512236
95,41.0410618,6.86437163,6.491082538
96,41.18622978,6.905848196,6.760680216
97,40.97884695,6.42886769,6.71920365
98,41.87059311,6.822895064,6.594773953
99,41.84985483,6.656988801,6.57403567
100,41.55951887,6.739941933,6.511820821
101,41.95354625,6.781418499,6.57403567
102,42.01576109,6.926586479,6.594773953
103,42.47200332,6.615512236,6.408129407
104,41.8913314,6.739941933,6.656988801
105,41.60099544,6.532559104,6.345914558
106,42.24388221,6.905848196,6.885109913
107,42.07797594,6.677727084,6.636250518
108,42.43052675,6.926586479,6.71920365
109,42.59643302,6.968063044,6.760680216
110,42.59643302,7.092492742,6.760680216
111,42.51347988,6.86437163,6.885109913
112,42.99046039,6.843633347,6.739941933
113,42.92824554,6.656988801,7.133969307
114,43.3430112,6.843633347,6.71920365
115,43.48817918,6.843633347,6.345914558
116,43.36374948,6.988801327,6.86437163
117,43.26005807,6.905848196,6.615512236
118,43.96515968,6.885109913,6.760680216
119,43.88220655,6.739941933,7.00953961
120,44.11032766,7.279137287,6.760680216
121,44.0688511,6.926586479,6.843633347
122,43.90294484,7.071754459,6.926586479
123,44.08958938,7.030277893,6.739941933
124,44.21401908,6.822895064,7.030277893
125,44.25549564,7.00953961,6.698465367
126,44.31771049,7.071754459,6.968063044
127,44.37992534,6.947324762,6.988801327
128,44.35918706,7.00953961,7.030277893
129,44.37992534,7.00953961,7.00953961
130,44.98133555,7.133969307,7.113231024
131,44.35918706,7.133969307,6.86437163
132,44.40066363,6.636250518,6.802156781
133,44.81542928,7.00953961,6.988801327
134,44.93985898,6.947324762,7.216922439
135,45.08502696,7.092492742,6.926586479
136,44.89838241,6.988801327,6.885109913
137,44.56656989,7.196184156,6.947324762
138,45.54126918,7.071754459,7.216922439
139,45.74865201,7.29987557,6.905848196
140,45.91455827,7.196184156,6.988801327
141,45.47905433,7.258399005,7.113231024
142,45.54126918,7.030277893,7.051016176
143,45.74865201,6.86437163,6.968063044
144,45.79012858,6.822895064,6.947324762
145,45.85234343,7.030277893,6.968063044
146,45.97677312,6.905848196,6.885109913
147,46.10120282,7.113231024,6.57403567
148,45.54126918,6.843633347,7.133969307
149,46.32932393,6.947324762,6.988801327
150,46.2463708,6.885109913,6.947324762
151,46.16341767,6.926586479,6.802156781
152,46.3708005,7.258399005,7.00953961
153,46.01824969,6.988801327,7.15470759
154,46.49523019,6.968063044,7.071754459
155,46.847781,7.258399005,6.905848196
156,46.72335131,7.133969307,7.00953961
157,47.24180838,6.988801327,7.030277893
158,47.17959353,7.341352136,7.279137287
159,47.20033181,7.030277893,6.905848196
160,47.17959353,7.071754459,6.843633347
161,46.93073414,6.968063044,7.051016176
162,47.0966404,6.988801327,7.030277893
163,46.93073414,7.15470759,7.030277893
164,47.61509747,7.15470759,6.843633347
165,47.0966404,7.133969307,7.030277893
166,47.67731232,6.926586479,6.905848196
167,47.46992949,7.175445873,6.926586479
168,47.6980506,6.988801327,7.00953961
169,48.00912484,7.15470759,6.822895064
170,47.61509747,6.988801327,6.947324762
171,47.63583575,7.133969307,7.00953961
172,47.55288262,7.071754459,7.00953961
173,47.51140606,7.071754459,7.030277893
174,47.73952717,7.258399005,6.926586479
175,48.19576939,7.362090419,7.092492742
176,47.86395686,7.133969307,6.905848196
177,47.59435919,7.15470759,7.071754459
178,47.67731232,7.15470759,6.86437163
179,47.84321858,7.237660722,7.071754459
180,48.27872252,7.237660722,6.885109913
181,48.44462878,7.237660722,7.133969307
182,48.00912484,7.341352136,7.030277893
183,48.46536707,7.237660722,7.00953961
184,48.21650767,7.092492742,7.092492742
185,48.44462878,6.988801327,6.926586479
186,48.52758192,7.196184156,7.051016176
187,48.40315222,7.113231024,7.133969307
188,48.83865616,7.175445873,6.905848196
189,48.71422646,6.843633347,7.29987557
190,48.79717959,6.947324762,7.092492742
191,48.50684363,7.175445873,7.113231024
192,48.50684363,6.968063044,7.051016176
193,48.4238905,7.092492742,7.113231024
194,48.63127333,7.362090419,6.988801327
195,48.40315222,7.216922439,6.968063044
196,48.83865616,7.051016176,6.947324762
197,48.50684363,7.279137287,6.988801327
198,49.10825384,7.15470759,7.15470759
199,49.10825384,7.279137287,7.133969307
200,48.77644131,7.030277893,6.988801327
201,48.94234757,7.29987557,7.133969307
202,48.81791788,7.258399005,7.092492742
203,49.23268353,7.092492742,7.113231024
204,49.12899212,7.237660722,7.133969307
205,49.19120697,7.092492742,6.968063044
206,49.41932808,7.196184156,7.113231024
207,49.50228121,7.133969307,6.885109913
208,49.54375778,7.216922439,6.926586479
209,49.21194525,7.15470759,7.071754459
210,49.19120697,7.113231024,6.926586479
211,49.29489838,7.29987557,6.947324762
212,49.93778515,7.15470759,6.822895064
213,49.66818747,7.133969307,7.051016176
214,49.50228121,7.196184156,6.71920365
215,49.66818747,7.258399005,7.092492742
216,49.50228121,7.00953961,7.133969307
217,49.85483202,7.29987557,7.175445873
218,50,7.196184156,7.216922439
219,49.62671091,7.424305268,7.320613853
220,49.75114061,7.216922439,6.988801327
221,49.54375778,7.175445873,7.071754459
222,49.64744919,7.196184156,7.113231024
223,49.8755703,7.175445873,7.175445873
224,50.14516798,7.051016176,6.843633347
225,49.77187889,7.113231024,7.092492742
226,49.62671091,7.196184156,7.113231024
227,49.95852343,7.196184156,7.196184156
228,50.16590626,6.968063044,7.071754459
229,50.35255081,7.196184156,7.341352136
230,49.91704687,6.885109913,6.968063044
231,50.14516798,7.051016176,6.905848196
232,50.31107424,7.175445873,6.822895064
233,50.47698051,7.196184156,7.092492742
234,49.77187889,7.15470759,6.86437163
235,50.1244297,7.113231024,6.968063044
236,50.20738283,6.698465367,7.113231024
237,50.26959768,7.113231024,6.947324762
238,50.20738283,7.279137287,6.988801327
239,50.95396101,7.092492742,7.216922439
240,50.16590626,7.382828702,7.051016176
241,50.47698051,7.216922439,7.196184156
242,50.70510162,7.29987557,7.237660722
243,50.35255081,7.29987557,7.00953961
244,50.26959768,7.00953961,7.258399005
245,50.64288677,7.362090419,7.113231024
246,50.91248445,7.320613853,7.216922439
247,50.53919535,7.237660722,7.133969307
248,50.6014102,7.362090419,7.216922439
249,50.74657818,7.403566985,7.051016176
250,50.91248445,7.071754459,7.258399005
251,50.99543758,7.113231024,7.051016176
252,50.74657818,7.403566985,7.258399005
253,50.93322273,7.092492742,7.237660722
254,50.64288677,6.843633347,7.196184156
255,50.91248445,7.113231024,7.113231024
256,50.91248445,7.175445873,6.947324762
257,51.65906263,7.382828702,7.175445873
258,50.89174616,7.29987557,7.051016176
259,51.38946495,7.092492742,7.196184156
260,51.3272501,7.279137287,7.216922439
261,51.51389465,7.051016176,6.988801327
262,51.01617586,6.968063044,6.988801327
263,51.63832435,6.802156781,7.092492742
264,50.89174616,7.216922439,7.00953961
265,51.26503526,7.237660722,7.15470759
266,51.49315637,7.175445873,7.092492742
267,51.7005392,7.133969307,6.968063044
268,51.51389465,6.968063044,7.258399005
269,51.34798839,7.15470759,6.885109913
270,51.49315637,7.051016176,6.781418499
271,51.24429697,7.071754459,6.926586479
272,51.63832435,7.279137287,7.00953961
273,51.74201576,7.051016176,7.175445873
274,51.61758606,7.237660722,7.092492742
275,51.63832435,7.362090419,7.175445873
276,51.94939859,7.237660722,7.092492742
277,51.65906263,7.341352136,7.320613853
278,52.11530485,7.133969307,6.947324762
279,52.01161344,7.237660722,7.216922439
280,52.07382829,6.905848196,6.947324762
281,52.26047283,7.258399005,7.092492742
282,52.1775197,6.968063044,7.133969307
283,52.11530485,7.133969307,7.030277893
284,52.32268768,7.030277893,6.781418499
285,51.88718374,7.237660722,6.968063044
286,52.23973455,7.196184156,7.196184156
287,52.07382829,7.15470759,7.051016176
288,52.23973455,6.802156781,6.822895064
289,52.44711738,7.175445873,6.968063044
290,52.38490253,7.486520116,7.092492742
291,52.28121112,7.258399005,7.133969307
292,52.3019494,7.133969307,7.071754459
293,52.38490253,7.071754459,7.113231024
294,52.48859394,6.947324762,6.86437163
295,52.26047283,6.988801327,6.947324762
296,51.97013687,7.00953961,6.822895064
297,52.11530485,7.113231024,7.071754459
298,52.75819162,6.968063044,6.905848196
299,52.9033596,7.362090419,7.113231024
300,52.50933223,7.320613853,7.00953961
301,52.44711738,7.196184156,7.092492742
302,52.32268768,7.216922439,7.00953961
303,52.67523849,7.092492742,7.133969307
304,52.46785566,7.216922439,7.030277893
305,52.53007051,7.15470759,7.133969307
306,52.7789299,7.237660722,7.15470759
307,52.67523849,7.030277893,7.030277893
308,52.82040647,7.092492742,7.133969307
309,52.4263791,7.00953961,7.113231024
310,53.25591041,7.15470759,7.341352136
311,52.61302364,7.030277893,6.988801327
312,52.86188304,7.071754459,7.071754459
313,53.152219,7.030277893,7.00953961
314,52.69597677,7.071754459,6.988801327
315,53.23517213,7.00953961,6.926586479
316,52.94483617,7.092492742,6.905848196
317,52.55080879,7.175445873,7.196184156
318,53.35960182,7.196184156,7.175445873
319,53.46329324,7.196184156,7.320613853
320,53.42181667,7.320613853,7.133969307
321,53.152219,7.175445873,6.905848196
322,53.48403152,7.29987557,6.822895064
323,53.152219,7.175445873,6.968063044
324,53.44255496,7.258399005,7.051016176
325,53.04852758,7.237660722,6.968063044
326,53.40107839,7.382828702,6.968063044
327,52.7789299,6.988801327,7.133969307
328,52.94483617,7.258399005,7.092492742
329,53.152219,7.15470759,7.113231024
330,53.38034011,6.968063044,7.092492742
331,53.38034011,6.822895064,7.237660722
332,52.96557445,7.092492742,7.175445873
333,53.33886354,7.00953961,7.196184156
334,53.79510577,7.320613853,6.926586479
335,53.38034011,7.030277893,6.926586479
336,53.60846122,7.175445873,7.030277893
337,53.81584405,7.362090419,6.885109913
338,53.71215263,7.216922439,7.196184156
339,53.83658233,7.320613853,6.926586479
340,53.7536292,7.403566985,7.051016176
341,53.46329324,7.216922439,7.15470759
342,53.52550809,6.885109913,7.071754459
343,53.77436748,7.030277893,7.051016176
344,53.79510577,7.15470759,6.968063044
345,53.73289092,6.988801327,6.905848196
346,53.7536292,7.113231024,6.926586479
347,53.54624637,7.133969307,6.988801327
348,54.08544173,7.133969307,7.071754459
349,54.00248859,7.092492742,6.947324762
350,53.71215263,7.113231024,6.905848196
351,54.14765657,6.926586479,7.071754459
352,53.85732061,6.947324762,6.739941933
353,53.83658233,7.00953961,7.237660722
354,53.73289092,7.175445873,6.988801327
355,53.50476981,7.175445873,6.802156781
356,53.89879718,7.196184156,7.15470759
357,54.10618001,7.216922439,6.926586479
358,54.08544173,7.00953961,6.947324762
359,53.83658233,7.279137287,6.885109913
360,54.20987142,7.030277893,7.030277893
361,54.16839486,7.15470759,7.196184156
362,54.33430112,7.44504355,6.822895064
363,53.8780589,7.030277893,7.030277893
364,54.12691829,7.071754459,6.947324762
365,54.25134799,7.133969307,7.051016176
366,52.34342596,8.585649108,6.968063044
367,51.28577354,9.041891331,7.113231024
368,51.01617586,9.726254666,6.926586479
369,51.09912899,10.12028204,6.594773953
370,51.22355869,9.871422646,7.071754459
371,51.11986727,10.07880547,6.988801327
372,50.74657818,10.47283285,6.988801327
373,50.74657818,10.03732891,7.071754459
374,51.07839071,10.68021568,7.051016176
375,50.41476566,10.57652426,7.00953961
376,50.64288677,11.11571962,7.133969307
377,50.80879303,11.55122356,6.86437163
378,50.29033596,11.17793447,6.843633347
379,50.04147657,11.75860639,6.988801327
380,50,11.55122356,6.905848196
381,50.10369141,12.00746578,6.86437163
382,50.35255081,11.96598922,6.698465367
383,50.02073828,12.54666114,7.071754459
384,49.85483202,12.15263376,6.843633347
385,49.66818747,11.84155952,7.071754459
386,49.31563667,12.31854002,6.968063044
387,49.85483202,12.54666114,7.00953961
388,50.1244297,12.7125674,6.781418499
389,49.3985898,12.87847366,6.926586479
390,49.19120697,13.58357528,7.051016176
391,49.3985898,13.21028619,6.926586479
392,49.44006636,13.41766902,6.968063044
393,48.48610535,13.33471589,7.030277893
394,49.25342182,13.58357528,7.030277893
395,49.04603899,13.68726669,6.739941933
396,49.04603899,14.30941518,6.968063044
397,48.65201161,13.91538781,7.030277893
398,49.50228121,14.26793861,7.15470759
399,48.46536707,14.47532144,6.988801327
400,48.90087101,14.66196599,7.133969307
401,49.06677727,14.66196599,6.905848196
402,48.65201161,14.59975114,6.968063044
403,48.77644131,14.55827457,6.968063044
404,48.46536707,15.07673165,7.00953961
405,48.81791788,14.8900871,6.988801327
406,48.69348818,15.26337619,7.258399005
407,48.61053505,15.94773953,7.15470759
408,48.5483202,15.42928246,7.00953961
409,48.00912484,15.42928246,7.00953961
410,47.86395686,15.65740357,6.86437163
411,48.4238905,16.25881377,7.071754459
412,48.52758192,16.38324347,6.843633347
413,48.27872252,15.7403567,6.822895064
414,48.17503111,16.77727084,6.968063044
415,48.00912484,16.54914973,6.926586479
416,48.23724596,16.27955205,7.113231024
417,48.07133969,16.27955205,7.175445873
418,47.96764828,17.08834509,7.00953961
419,46.90999585,16.54914973,7.071754459
420,48.27872252,16.90170054,7.175445873
421,48.34093737,17.21277478,6.885109913
422,47.63583575,17.44089589,6.968063044
423,48.07133969,16.96391539,6.926586479
424,47.88469515,17.48237246,6.926586479
425,48.07133969,17.58606387,6.885109913
426,48.11281626,17.89713812,7.051016176
427,47.61509747,17.75197014,6.885109913
428,47.36623808,17.98009125,6.988801327
429,47.2210701,18.10452095,6.947324762
430,47.59435919,18.24968893,6.947324762
431,46.76482787,18.35338034,6.885109913
432,46.64039818,18.24968893,6.822895064
433,47.51140606,18.47781004,6.885109913
434,46.78556616,18.58150145,7.092492742
435,47.17959353,18.62297802,6.968063044
436,46.64039818,19.03774367,6.843633347
437,47.63583575,19.14143509,6.885109913
438,47.42845292,19.45250933,7.00953961
439,47.53214434,19.07922024,6.822895064
440,46.9722107,19.39029448,6.988801327
441,46.82704272,19.14143509,6.86437163
442,47.53214434,19.70136873,6.843633347
443,47.26254666,19.88801327,6.905848196
444,46.847781,19.88801327,6.926586479
445,46.59892161,19.72210701,6.926586479
446,46.95147242,19.78432186,7.051016176
447,46.78556616,20.42720863,7.216922439
448,46.9722107,19.95022812,7.071754459
449,46.66113646,20.40647034,7.216922439
450,46.59892161,19.9709664,7.051016176
451,47.05516383,20.03318125,6.885109913
452,46.59892161,19.70136873,6.905848196
453,46.68187474,20.57237661,7.071754459
454,46.847781,20.59311489,7.030277893
455,47.13811696,20.821236,6.885109913
456,46.32932393,20.98714226,7.00953961
457,46.78556616,20.92492742,6.532559104
458,46.76482787,20.90418913,6.885109913
459,46.88925757,20.77975944,6.843633347
460,46.30858565,21.25673994,6.885109913
461,46.39153878,21.21526338,7.030277893
462,46.32932393,21.11157196,6.947324762
463,46.18415595,21.50559934,6.926586479
464,45.93529656,21.21526338,7.092492742
465,46.01824969,21.38116964,7.00953961
466,46.35006221,21.71298217,6.926586479
467,45.91455827,21.60929075,6.968063044
468,46.3708005,21.6715056,6.968063044
469,46.41227706,21.6715056,7.092492742
470,46.03898797,22.18996267,7.113231024
471,46.1219411,22.21070095,6.822895064
472,45.72791373,22.62546661,6.739941933
473,46.43301535,22.62546661,6.905848196
474,46.55744504,22.18996267,6.968063044
475,46.39153878,21.89962671,6.781418499
476,45.89381999,21.73372045,6.802156781
477,45.83160514,22.04479469,7.00953961
478,46.14267939,23.26835338,6.905848196
479,45.76939029,22.79137287,6.947324762
480,45.76939029,22.9987557,6.968063044
481,45.72791373,23.35130651,6.885109913
482,45.66569888,23.01949399,6.905848196
483,45.6449606,22.95727914,6.968063044
484,46.1219411,23.16466197,6.885109913
485,45.62422231,23.45499793,6.86437163
486,45.83160514,22.9987557,6.781418499
487,45.87308171,23.20613853,6.905848196
488,45.81086686,23.49647449,6.905848196
489,45.16798009,24.05640813,6.822895064
490,45.83160514,23.55868934,6.781418499
491,45.43757777,23.8490253,6.781418499
492,45.72791373,23.30982995,6.656988801
493,45.70717545,23.66238075,6.885109913
494,45.85234343,24.05640813,6.988801327
495,45.49979262,24.32600581,6.86437163
496,45.27167151,24.28452924,6.905848196
497,45.56200747,24.4504355,7.051016176
498,45.70717545,24.96889258,6.843633347
499,45.58274575,24.47117379,6.885109913
500,45.33388635,24.88593944,6.947324762
501,45.45831605,24.63708005,6.988801327
502,45.29240979,24.42969722,7.00953961
503,45.83160514,24.61634177,6.885109913
504,45.3961012,24.90667773,6.86437163
505,45.16798009,25.03110742,6.739941933
506,44.75321443,25.11406056,7.00953961
507,45.3961012,25.88137702,7.133969307
508,44.93985898,25.03110742,6.926586479
509,45.23019494,25.01036914,7.113231024
510,44.71173787,25.48734965,6.739941933
511,45.02281211,25.69473248,6.760680216
512,44.87764413,25.73620904,7.051016176
513,44.85690585,25.3007051,7.030277893
514,45.02281211,25.4251348,6.822895064
515,44.83616757,25.71547076,6.885109913
516,44.794691,25.59104106,6.926586479
517,45.02281211,25.50808793,6.802156781
518,44.98133555,25.83990046,6.905848196
519,45.49979262,25.83990046,6.885109913
520,45.35462464,25.71547076,6.843633347
521,45.12650353,26.39983409,6.905848196
522,45.20945666,26.21318955,7.051016176
523,45.14724181,26.04728328,6.926586479
524,44.64952302,26.81459975,6.905848196
525,44.85690585,27.02198258,7.092492742
526,44.42140191,27.16715056,6.760680216
527,44.6702613,27.10493571,6.988801327
528,44.89838241,27.33305682,6.677727084
529,44.73247615,27.18788884,6.781418499
530,44.64952302,27.06345915,6.905848196
531,44.69099959,26.81459975,6.843633347
532,44.81542928,27.08419743,6.885109913
533,44.6702613,27.41600995,6.822895064
534,44.85690585,27.31231854,6.843633347
535,44.85690585,27.31231854,6.926586479
536,44.48361676,27.4782248,6.781418499
537,44.87764413,27.64413107,6.843633347
538,44.50435504,27.74782248,6.656988801
539,44.54583161,28.03815844,6.760680216
540,44.31771049,28.03815844,6.822895064
541,44.9191207,27.68560763,6.968063044
542,44.62878474,27.41600995,6.988801327
543,44.73247615,27.27084197,6.926586479
544,43.88220655,27.4782248,6.968063044
545,44.56656989,27.68560763,6.926586479
546,44.73247615,27.87225218,6.885109913
547,44.31771049,28.36997097,6.822895064
548,44.42140191,27.91372874,6.843633347
549,44.71173787,28.12111157,6.885109913
550,44.40066363,28.41144753,7.051016176
551,44.23475736,27.93446703,7.133969307
552,44.11032766,28.14184985,6.926586479
553,44.75321443,28.61883036,6.802156781
554,44.02737453,28.24554127,6.760680216
555,44.17254251,28.63956864,6.885109913
556,44.13106595,28.61883036,6.822895064
557,44.21401908,29.22024056,6.86437163
558,43.90294484,28.95064289,7.030277893
559,43.98589797,28.68104521,6.739941933
560,43.8199917,28.95064289,6.86437163
561,44.00663625,29.32393198,6.86437163
562,43.57113231,29.34467026,6.843633347
563,44.0688511,28.78473662,6.822895064
564,44.00663625,28.80547491,6.905848196
565,43.86146827,28.76399834,6.926586479
566,44.04811282,28.9299046,6.822895064
567,44.02737453,29.0543343,6.677727084
568,44.02737453,29.03359602,7.030277893
569,43.9444214,29.44836168,6.760680216
570,44.02737453,28.9299046,6.947324762
571,43.79925342,29.48983824,6.885109913
572,43.77851514,29.46909996,6.926586479
573,43.65408544,29.94608046,6.449605973
574,44.0688511,29.55205309,6.802156781
575,43.52965574,30.11198673,6.781418499
576,43.38448776,29.9046039,6.698465367
577,43.69556201,30.36084612,6.988801327
578,43.63334716,30.73413521,6.781418499
579,43.88220655,30.13272501,6.843633347
580,44.11032766,30.15346329,6.885109913
581,43.69556201,30.23641642,6.822895064
582,43.9444214,30.54749067,6.86437163
583,43.88220655,30.54749067,6.698465367
584,43.71630029,30.69265865,6.926586479
585,43.36374948,30.13272501,6.698465367
586,43.73703857,30.92077976,6.86437163
587,43.8199917,30.3815844,6.822895064
588,43.84072999,30.36084612,6.885109913
589,43.32227292,30.54749067,6.86437163
590,43.73703857,30.60970552,6.947324762
591,43.67482372,30.27789299,6.885109913
592,44.08958938,29.82165077,6.86437163
593,43.77851514,29.84238905,6.905848196
594,43.71630029,31.02447117,7.00953961
595,43.61260888,30.83782663,7.15470759
596,43.57113231,30.52675238,6.677727084
597,43.55039403,31.06594774,6.988801327
598,43.28079635,31.10742431,7.00953961
599,43.17710494,31.19037744,6.739941933
600,43.3430112,31.66735794,6.71920365
601,42.92824554,31.56366653,6.822895064
602,43.48817918,31.52218996,7.071754459
603,43.40522605,31.25259229,6.802156781
604,42.94898382,31.29406885,7.00953961
605,43.28079635,31.27333057,6.698465367
606,43.52965574,31.50145168,6.905848196
607,42.99046039,31.41849855,6.926586479
608,43.28079635,31.10742431,6.760680216
609,43.05267524,31.231854,6.802156781
610,43.4674409,31.66735794,6.636250518
611,43.23931978,32.04064703,6.905848196
612,42.741601,31.72957279,6.947324762
613,42.99046039,31.91621734,6.968063044
614,43.05267524,32.06138532,6.822895064
615,42.90750726,31.99917047,6.843633347
616,42.53421817,31.70883451,6.905848196
617,42.72086271,31.87474077,6.968063044
618,43.26005807,31.9576939,6.677727084
619,42.78307756,32.35172128,6.843633347
620,43.15636665,31.83326421,6.760680216
621,43.07341352,32.45541269,6.698465367
622,42.30609706,32.41393613,6.822895064
623,42.99046039,32.57984239,6.905848196
624,42.67938615,32.60058067,6.86437163
625,42.90750726,32.22729158,7.00953961
626,43.03193696,32.55910411,6.802156781
627,42.55495645,32.70427209,6.802156781
628,42.3683119,32.51762754,6.71920365
629,42.59643302,33.07756118,7.071754459
630,42.70012443,32.91165491,6.968063044
631,42.4927416,32.82870178,6.739941933
632,42.05723766,33.13977603,7.092492742
633,42.51347988,32.8079635,6.86437163
634,42.07797594,32.78722522,6.968063044
635,42.70012443,32.53836582,6.947324762
636,42.67938615,32.28950643,6.926586479
637,43.15636665,32.64205724,6.781418499
638,43.03193696,33.18125259,6.760680216
639,42.45126504,32.9323932,6.781418499
640,42.90750726,32.74574865,6.71920365
641,42.18166736,32.9323932,6.739941933
642,42.57569473,33.0568229,6.86437163
643,42.57569473,33.51306512,6.656988801
644,42.70012443,33.59601825,6.781418499
645,42.03649938,33.59601825,6.656988801
646,42.40978847,34.05226047,6.86437163
647,42.67938615,33.36789714,6.739941933
648,42.78307756,33.5338034,6.71920365
649,42.51347988,33.6582331,6.739941933
650,42.30609706,33.32642057,6.926586479
651,42.59643302,34.03152219,7.00953961
652,42.01576109,33.88635421,6.802156781
653,42.47200332,33.5338034,6.781418499
654,42.55495645,33.67897138,6.760680216
655,42.32683534,33.5338034,6.760680216
656,42.55495645,34.19742845,6.968063044
657,42.55495645,33.96930734,6.781418499
658,42.53421817,33.80340108,6.968063044
659,42.07797594,34.1352136,7.00953961
660,42.6171713,33.90709249,6.760680216
661,42.51347988,34.03152219,6.988801327
662,42.4927416,34.1352136,6.822895064
663,42.34757362,34.34259643,6.988801327
664,42.55495645,34.30111987,6.926586479
665,42.11945251,34.42554956,6.822895064
666,42.741601,34.34259643,7.030277893
667,42.16092908,34.59145583,6.781418499
668,42.16092908,34.34259643,6.905848196
669,42.70012443,34.44628785,6.988801327
670,42.59643302,34.1352136,6.71920365
671,42.88676898,34.32185815,6.57403567
672,42.26462049,34.5085027,6.947324762
673,41.99502281,34.90253007,6.885109913
674,42.3683119,34.69514724,6.594773953
675,42.22314392,34.81957694,6.760680216
676,41.93280796,34.59145583,6.656988801
677,41.84985483,34.81957694,6.822895064
678,41.70468685,34.44628785,7.071754459
679,42.28535877,34.71588552,6.615512236
680,41.7669017,35.33803401,6.822895064
681,41.91206968,34.77810037,6.86437163
682,41.99502281,35.08917462,6.781418499
683,42.30609706,34.96474492,6.988801327
684,41.49730402,34.94400664,6.677727084
685,41.84985483,34.81957694,6.71920365
686,41.95354625,35.08917462,6.553297387
687,41.80837827,35.08917462,6.760680216
688,41.72542513,35.35877229,6.802156781
689,41.97428453,35.42098714,6.947324762
690,42.20240564,35.64910825,6.905848196
691,42.16092908,35.27581916,6.988801327
692,41.68394857,35.40024886,6.843633347
693,41.74616342,35.48320199,7.051016176
694,41.66321029,35.54541684,6.781418499
695,41.80837827,35.46246371,6.802156781
696,41.51804231,35.66984654,6.968063044
697,41.91206968,36.00165906,6.86437163
698,42.20240564,35.79427623,6.739941933
699,42.01576109,35.48320199,6.926586479
700,41.91206968,35.66984654,6.86437163
701,41.58025715,35.89796765,6.491082538
702,41.70468685,35.7113231,6.594773953
703,42.32683534,35.81501452,6.698465367
704,42.05723766,35.7113231,6.760680216
705,41.60099544,35.79427623,6.698465367
706,42.01576109,36.02239735,6.885109913
707,41.97428453,36.00165906,7.051016176
708,42.3683119,36.37494815,6.947324762
709,42.24388221,36.02239735,6.698465367
710,42.03649938,36.04313563,6.491082538
711,41.68394857,36.33347159,6.822895064
712,42.01576109,36.25051846,6.968063044
713,41.18622978,36.60306927,6.739941933
714,41.72542513,36.33347159,6.968063044
715,41.45582746,36.27125674,6.86437163
716,41.642472,36.35420987,6.677727084
717,41.642472,36.5615927,6.843633347
718,41.7669017,36.20904189,6.802156781
719,40.99958523,36.78971381,6.532559104
720,41.74616342,36.58233098,6.802156781
721,42.05723766,36.99709664,6.822895064
722,41.10327665,36.45790129,6.822895064
723,41.28992119,36.85192866,6.532559104
724,41.60099544,36.70676068,6.760680216
725,41.97428453,36.70676068,6.636250518
726,41.49730402,36.47863957,6.802156781
727,41.60099544,36.5615927,6.781418499
728,41.49730402,36.60306927,6.739941933
729,41.55951887,37.24595603,6.781418499
730,41.18622978,36.45790129,6.822895064
731,41.68394857,34.57071754,8.793031937
732,41.58025715,34.48776441,9.021153049
733,41.72542513,33.90709249,9.477395272
734,41.10327665,33.55454168,9.6847781
735,41.55951887,33.82413936,9.912899212
736,41.62173372,33.22272916,10.09954376
737,41.51804231,33.0568229,9.892160929
738,41.26918291,33.13977603,10.09954376
739,41.14475321,33.07756118,10.07880547
740,41.26918291,33.5338034,10.61800083
741,41.41435089,33.30568229,11.17793447
742,41.12401493,33.6582331,10.80464538
743,41.45582746,33.32642057,10.84612194
744,41.41435089,33.18125259,11.0120282
745,41.20696806,33.4093737,10.86686022
746,41.41435089,32.84944007,11.1364579
747,40.79220241,33.11903774,11.15719618
748,41.10327665,32.9323932,11.07424305
749,40.93737039,32.8079635,11.2608876
750,41.37287433,32.84944007,11.34384073
751,40.93737039,32.51762754,11.57196184
752,40.81294069,32.37245956,11.50974699
753,40.79220241,31.93695562,12.04894235
754,40.93737039,32.24802986,12.09041891
755,40.93737039,32.12360017,11.84155952
756,41.20696806,32.35172128,12.02820406
757,41.22770635,32.10286188,12.02820406
758,41.58025715,32.04064703,12.44296972
759,41.49730402,32.2065533,12.60887599
760,41.78763998,31.91621734,12.56739942
761,41.22770635,31.89547905,12.8369971
762,40.39817503,31.79178764,13.14807134
763,41.0410618,31.93695562,12.79552053
764,41.08253837,32.01990875,13.12733306
765,41.12401493,31.37702198,13.41766902
766,41.24844463,31.89547905,13.3139776
767,40.93737039,32.06138532,13.18954791
768,40.70924927,31.77104936,13.4384073
769,41.10327665,31.39776027,13.50062215
770,41.10327665,31.19037744,13.87391124
771,41.06180008,31.79178764,13.79095811
772,40.60555786,31.43923683,13.72874326
773,40.97884695,31.39776027,13.89464952
774,40.9166321,31.52218996,13.97760265
775,40.72998756,31.14890087,13.74948154
776,40.87515554,31.10742431,13.89464952
777,40.68851099,31.16963915,14.08129407
778,41.1654915,31.27333057,14.45458316
779,41.02032352,31.14890087,14.62048942
780,40.58481958,31.41849855,14.43384488
781,40.85441725,31.43923683,14.66196599
782,40.83367897,31.60514309,15.20116134
783,40.75072584,31.54292825,14.64122771
784,40.83367897,30.79635006,14.93156367
785,40.79220241,31.31480713,14.8900871
786,40.89589382,31.52218996,15.34632932
787,41.26918291,31.06594774,15.26337619
788,40.85441725,31.19037744,15.22189963
789,41.1654915,30.94151804,15.30485276
790,41.10327665,31.04520946,15.96847781
791,41.10327665,31.02447117,15.94773953
792,41.22770635,31.08668602,16.11364579
793,40.77146412,30.94151804,15.94773953
794,40.60555786,30.67192036,16.52841145
795,40.85441725,31.04520946,16.48693488
796,41.12401493,30.90004148,16.32102862
797,40.70924927,30.71339693,16.38324347
798,41.02032352,31.12816259,16.11364579
799,40.66777271,30.67192036,16.42472003
800,40.48112816,30.67192036,16.63210286
801,40.64703443,30.6304438,16.81874741
802,40.46038988,30.48527582,16.79800912
803,40.4396516,30.60970552,16.36250518
804,40.95810867,30.6304438,16.90170054
805,40.83367897,30.83782663,16.79800912
806,40.87515554,30.56822895,16.90170054
807,40.52260473,30.79635006,17.17129822
808,40.81294069,30.48527582,17.35794276
809,40.50186645,30.04977188,16.90170054
810,41.10327665,30.00829531,17.66901701
811,40.75072584,29.94608046,17.23351307
812,40.64703443,30.21567814,17.48237246
813,40.4396516,29.73869764,17.56532559
814,40.46038988,30.52675238,18.16673579
815,40.89589382,30.21567814,18.24968893
816,40.9166321,30.25715471,18.18747408
817,40.46038988,30.29863127,17.68975529
818,40.66777271,30.00829531,18.27042721
819,40.62629614,30.17420158,18.41559519
820,41.18622978,30.09124844,18.72666943
821,40.4396516,30.23641642,18.74740771
822,41.08253837,29.88386562,18.60223973
823,41.02032352,30.11198673,18.99626711
824,40.83367897,30.31936956,19.01700539
825,40.46038988,29.88386562,18.85109913
826,40.58481958,29.61426794,18.89257569
827,40.66777271,30.13272501,19.05848196
828,40.35669847,29.61426794,19.09995852
829,40.52260473,30.07051016,19.3695562
830,40.4396516,29.67648279,19.43177105
831,40.39817503,29.92534218,19.32807964
832,40.50186645,30.00829531,20.01244297
833,40.37743675,30.00829531,19.99170469
834,40.60555786,29.82165077,19.84653671
835,40.81294069,30.13272501,20.05391954
836,40.58481958,29.84238905,20.01244297
837,40.1907922,29.9046039,19.82579842
838,40.35669847,29.40688511,20.30277893
839,40.9166321,29.69722107,20.3442555
840,40.23226877,29.71795935,20.65532974
841,40.33596018,30.13272501,20.55163832
842,39.67233513,30.3815844,20.28204065
843,39.94193281,29.63500622,20.15761095
844,40.37743675,29.67648279,20.0953961
845,40.08710079,29.53131481,20.57237661
846,40.52260473,30.09124844,21.15304853
847,40.75072584,30.31936956,20.73828287
848,40.29448362,29.98755703,20.88345085
849,39.90045624,29.98755703,21.38116964
850,40.14931564,29.6557445,21.29821651
851,40.89589382,29.71795935,21.29821651
852,40.06636251,30.0290336,20.55163832
853,40.00414766,29.6557445,21.33969307
854,39.98340937,29.26171713,21.65076732
855,40.29448362,29.22024056,21.29821651
856,40.02488594,29.75943592,21.83741186
857,39.7138117,29.44836168,21.36043136
858,39.73454998,29.44836168,21.5470759
859,40.1907922,29.34467026,21.6715056
860,40.3152219,29.34467026,21.85815015
861,40.60555786,29.178764,21.75445873
862,40.04562422,29.07507258,21.85815015
863,39.98340937,29.15802572,21.75445873
864,40.17005392,29.28245541,21.50559934
865,40.06636251,29.48983824,22.02405641
866,39.79676483,29.69722107,22.25217752
867,40.14931564,29.53131481,22.2729158
868,40.04562422,29.44836168,22.62546661
869,39.90045624,29.09581087,22.70841974
870,39.90045624,29.34467026,22.77063459
871,39.90045624,29.53131481,22.33513065
872,39.92119453,29.46909996,22.93654085
873,39.48569058,29.24097885,23.01949399
874,39.94193281,29.55205309,22.79137287
875,39.69307341,29.26171713,23.14392368
876,39.65159685,29.178764,23.04023227
877,39.589382,29.09581087,23.16466197
878,39.56864372,29.32393198,22.9987557
879,40.25300705,29.11654915,23.20613853
880,39.90045624,29.22024056,23.33056823
881,39.90045624,29.48983824,23.45499793
882,40.33596018,29.09581087,23.1231854
883,39.77602655,29.34467026,23.51721277
884,39.90045624,29.09581087,23.76607217
885,40.37743675,28.97138117,23.57942762
886,39.90045624,29.55205309,24.13936126
887,40.21153049,29.01285774,24.16009954
888,40.04562422,29.28245541,23.95271672
889,39.77602655,29.03359602,24.07714641
890,39.98340937,28.66030693,24.16009954
891,39.63085856,29.44836168,24.0978847
892,39.98340937,29.03359602,23.80754873
893,39.83824139,29.61426794,24.59560348
894,39.589382,29.3031937,24.32600581
895,39.54790543,28.63956864,24.36748237
896,39.79676483,28.88842804,24.03566985
897,39.27830776,28.86768976,24.51265035
898,39.7138117,28.78473662,24.5748652
899,39.67233513,28.78473662,24.59560348
900,39.87971796,28.66030693,24.26379096
901,40.1907922,28.84695147,24.53338864
902,39.589382,28.68104521,24.5748652
903,39.4649523,28.90916632,24.94815429
904,39.40273745,28.22480299,24.88593944
905,39.589382,28.68104521,24.76150975
906,39.75528826,28.4529241,25.52882621
907,39.77602655,28.55661551,24.96889258
908,39.17461634,28.78473662,25.03110742
909,39.7138117,28.53587723,24.74077146
910,39.44421402,28.74326006,25.21775197
911,40.08710079,28.88842804,25.27996682
912,40.00414766,29.0543343,25.27996682
913,39.40273745,28.76399834,25.09332227
914,39.27830776,28.80547491,25.13479884
915,39.42347574,28.59809208,25.50808793
916,39.42347574,28.86768976,26.10949813
917,39.44421402,28.36997097,25.5495645
918,39.77602655,29.07507258,25.67399419
919,39.52716715,28.72252178,26.026545
920,39.67233513,28.90916632,26.13023642
921,39.63085856,28.84695147,25.88137702
922,39.17461634,29.36540854,26.29614268
923,39.29904604,28.70178349,26.48278723
924,39.07092493,28.53587723,26.10949813
925,38.84280382,28.55661551,26.31688096
926,38.92575695,28.72252178,26.71090834
927,39.13313978,28.49440066,26.35835753
928,39.05018664,28.14184985,26.2754044
929,39.02944836,28.59809208,25.94359187
930,39.11240149,28.49440066,26.46204894
931,39.38199917,28.36997097,26.69017005
932,39.27830776,28.82621319,25.96433015
933,38.92575695,28.76399834,26.46204894
934,39.40273745,28.97138117,26.39983409
935,39.63085856,28.49440066,26.79386147
936,39.44421402,28.34923268,26.37909581
937,38.75985068,28.28701783,27.10493571
938,38.8635421,28.18332642,26.93902945
939,39.48569058,28.4529241,26.56574036
940,38.9879718,28.34923268,27.16715056
941,38.80132725,28.36997097,27.33305682
942,38.51099129,28.24554127,27.16715056
943,39.15387806,28.30775612,26.73164662
944,39.02944836,28.4529241,26.71090834
945,39.05018664,28.82621319,27.49896309
946,39.23683119,28.43218582,27.25010369
947,39.52716715,28.39070925,27.08419743
948,38.9879718,28.61883036,26.98050601
949,39.589382,28.39070925,26.98050601
950,38.92575695,28.4529241,27.62339278
951,39.48569058,28.76399834,27.25010369
952,38.59394442,28.66030693,27.74782248
953,39.63085856,28.16258814,27.74782248
954,39.4649523,28.80547491,27.68560763
955,39.11240149,29.07507258,27.81003733
956,39.21609291,28.39070925,27.37453339
957,39.07092493,28.07963501,27.81003733
958,39.38199917,28.22480299,27.87225218
959,39.65159685,28.49440066,27.20862713
960,39.29904604,28.34923268,28.24554127
961,39.44421402,27.83077561,28.18332642
962,39.05018664,28.3284944,27.89299046
963,39.81750311,28.61883036,28.07963501
964,39.07092493,28.16258814,28.10037329
965,39.61012028,28.70178349,28.70178349
966,39.13313978,27.83077561,28.53587723
967,39.13313978,28.03815844,28.61883036
968,39.27830776,28.28701783,28.34923268
969,39.25756947,28.18332642,28.3284944
970,39.44421402,27.95520531,28.43218582
971,39.48569058,28.16258814,28.18332642
972,39.69307341,28.07963501,28.99211945
973,38.90501866,28.28701783,28.5773538
974,38.88428038,27.91372874,28.59809208
975,39.02944836,27.99668187,28.39070925
976,39.15387806,28.36997097,28.36997097
977,39.96267109,28.4529241,28.5773538
978,39.27830776,28.01742016,28.88842804
979,39.44421402,28.30775612,28.76399834
980,39.05018664,28.14184985,28.80547491
981,38.84280382,28.26627955,29.01285774
982,39.31978432,28.14184985,29.32393198
983,38.8635421,28.16258814,29.51057652
984,38.7391124,28.36997097,29.55205309
985,38.65615927,27.95520531,29.38614683
986,38.67689755,28.05889672,29.3031937
987,38.59394442,28.49440066,29.24097885
988,38.88428038,28.30775612,29.34467026
989,38.96723351,28.4529241,29.55205309
990,38.57320614,27.76856076,28.90916632
991,38.6146827,27.99668187,29.22024056
992,38.94649523,28.24554127,29.34467026
993,39.05018664,28.16258814,29.26171713
994,38.84280382,28.24554127,29.07507258
995,38.82206553,28.12111157,29.84238905
996,39.07092493,28.39070925,29.67648279
997,38.57320614,27.99668187,29.7801742
998,39.05018664,27.68560763,29.71795935
999,38.69763584,27.68560763,29.48983824
1000,38.9879718,27.64413107,29.7801742
1001,38.9879718,27.78929905,29.6557445
1002,38.30360846,27.81003733,29.9046039
1003,38.34508503,27.83077561,30.07051016
1004,38.0132725,27.91372874,29.86312733
1005,38.6146827,27.83077561,29.7801742
1006,38.82206553,28.03815844,29.75943592
1007,38.69763584,27.7270842,29.6557445
1008,39.00871008,28.16258814,29.96681875
1009,38.84280382,28.05889672,29.6557445
1010,38.69763584,27.78929905,30.07051016
1011,38.49025301,27.81003733,30.34010784
1012,38.6146827,27.74782248,30.56822895
1013,38.84280382,27.70634591,30.25715471
1014,38.0132725,28.26627955,30.85856491
1015,38.78058897,27.76856076,30.48527582
1016,38.88428038,27.95520531,30.67192036
1017,37.84736624,27.83077561,30.83782663
1018,38.51099129,28.05889672,30.71339693
1019,38.46951472,27.81003733,31.19037744
1020,38.28287018,27.87225218,30.36084612
1021,38.51099129,27.83077561,30.92077976
1022,38.09622563,27.7270842,30.77561178
1023,38.7391124,27.54043965,31.54292825
1024,38.40729988,27.6026545,31.04520946
1025,38.34508503,28.07963501,30.92077976
1026,38.40729988,27.85151389,30.77561178
1027,38.59394442,28.01742016,30.83782663
1028,38.05474907,27.76856076,31.19037744
1029,38.53172957,28.10037329,30.87930319
1030,38.53172957,27.83077561,31.25259229
1031,38.34508503,28.01742016,31.3562837
1032,38.7391124,27.74782248,31.3562837
1033,38.8635421,28.14184985,31.12816259
1034,38.82206553,27.74782248,31.62588138
1035,38.67689755,28.16258814,31.79178764
1036,38.24139361,27.78929905,31.21111572
1037,38.40729988,27.66486935,31.10742431
1038,38.32434674,27.91372874,31.16963915
1039,38.19991705,28.01742016,30.77561178
1040,38.49025301,27.76856076,31.45997511
1041,38.2621319,27.64413107,31.75031107
1042,38.36582331,27.4782248,31.62588138
1043,38.63542099,27.54043965,31.9576939
1044,38.17917876,27.4782248,32.06138532
1045,38.28287018,27.7270842,31.77104936
1046,38.17917876,27.45748652,31.85400249
1047,38.49025301,27.41600995,31.91621734
1048,38.09622563,27.62339278,31.93695562
1049,38.82206553,27.66486935,31.81252592
1050,37.66072169,27.58191622,31.97843219
1051,38.36582331,27.89299046,32.26876815
1052,37.99253422,27.99668187,32.24802986
1053,38.09622563,28.05889672,32.16507673
1054,38.46951472,27.68560763,31.231854
1055,38.1377022,27.83077561,31.97843219
1056,38.05474907,27.56117793,32.0821236
1057,38.38656159,27.81003733,32.16507673
1058,38.07548735,28.05889672,31.87474077
1059,37.86810452,27.64413107,32.04064703
1060,37.84736624,27.99668187,32.04064703
1061,37.93031937,27.4782248,32.24802986
1062,38.11696392,27.56117793,32.49688926
1063,37.78515139,27.78929905,32.2065533
1064,38.0132725,27.87225218,32.14433845
1065,38.59394442,27.56117793,32.0821236
1066,38.1377022,27.49896309,32.66279552
1067,38.38656159,27.12567399,32.43467441
1068,38.40729988,27.68560763,32.49688926
1069,38.24139361,27.4782248,32.6835338
1070,38.63542099,27.14641228,32.70427209
1071,38.17917876,27.7270842,32.99460805
1072,38.11696392,27.68560763,32.76648693
1073,38.55246786,27.51970137,33.13977603
1074,37.78515139,27.33305682,32.62131895
1075,38.1377022,27.35379511,32.97386976
1076,38.22065533,27.54043965,32.64205724
1077,37.90958109,27.54043965,32.97386976
1078,38.15844048,27.4782248,32.84944007
1079,38.03401078,27.35379511,33.16051431
1080,37.99253422,27.64413107,32.78722522
1081,38.2621319,27.83077561,32.89091663
1082,38.07548735,27.76856076,33.01534633
1083,37.99253422,27.70634591,32.84944007
1084,38.1377022,27.51970137,33.45085027
1085,38.30360846,27.95520531,33.11903774
1086,37.97179594,27.35379511,33.20199088
1087,38.57320614,27.76856076,33.55454168
1088,37.66072169,27.56117793,33.22272916
1089,37.95105765,27.33305682,33.38863542
1090,37.90958109,27.31231854,33.57527997
1091,38.44877644,27.25010369,33.67897138
1092,37.90958109,27.43674824,33.30568229
1093,37.8888428,27.89299046,33.30568229
1094,37.82662796,27.45748652,33.61675653
1095,38.19991705,27.78929905,33.6582331
1096,37.90958109,27.56117793,31.52218996
1097,37.99253422,26.69017005,31.16963915
1098,38.51099129,27.08419743,30.7548735
1099,38.07548735,27.14641228,30.27789299
1100,38.1377022,27.51970137,30.52675238
1101,37.78515139,27.43674824,30.34010784
1102,37.82662796,27.10493571,30.09124844
1103,38.09622563,27.7270842,29.98755703
1104,38.17917876,27.89299046,30.00829531
1105,38.05474907,27.10493571,29.6557445
1106,38.30360846,27.6026545,29.98755703
1107,38.15844048,27.18788884,29.73869764
1108,37.99253422,27.16715056,29.34467026
1109,37.82662796,27.6026545,29.48983824
1110,38.09622563,26.89755288,29.178764
1111,37.80588967,26.8768146,29.28245541
1112,38.42803816,27.27084197,29.26171713
1113,37.97179594,27.27084197,29.19950228
1114,38.17917876,26.85607632,29.03359602
1115,37.84736624,27.18788884,29.34467026
1116,37.74367482,27.35379511,29.3031937
1117,37.59850684,27.49896309,29.15802572
1118,37.72293654,27.37453339,29.22024056
1119,37.95105765,27.4782248,29.46909996
1120,37.55703028,27.08419743,29.13728743
1121,37.55703028,26.93902945,29.3031937
1122,37.84736624,27.33305682,29.24097885
1123,37.22521775,27.41600995,28.97138117
1124,37.70219826,27.41600995,28.88842804
1125,37.37038573,26.98050601,28.80547491
1126,37.45333886,27.29158026,29.13728743
1127,38.11696392,27.18788884,28.78473662
1128,37.84736624,27.20862713,28.78473662
1129,38.22065533,27.49896309,28.41144753
1130,38.03401078,27.33305682,28.4529241
1131,37.82662796,27.43674824,28.51513895
1132,37.82662796,27.68560763,28.78473662
1133,37.51555371,27.43674824,28.9299046
1134,37.34964745,27.27084197,28.36997097
1135,37.95105765,27.0012443,28.53587723
1136,37.66072169,27.41600995,28.95064289
1137,37.59850684,27.08419743,29.03359602
1138,37.536292,27.10493571,28.78473662
1139,37.97179594,27.14641228,28.80547491
1140,37.12152634,27.37453339,28.53587723
1141,37.34964745,26.89755288,28.95064289
1142,37.59850684,27.39527167,28.61883036
1143,37.99253422,27.10493571,27.95520531
1144,37.68145998,27.37453339,28.68104521
1145,37.26669432,27.06345915,28.3284944
1146,37.37038573,27.02198258,27.99668187
1147,37.80588967,27.08419743,28.24554127
1148,37.18374119,27.29158026,28.78473662
1149,37.8888428,27.29158026,28.07963501
1150,37.32890917,27.04272086,28.16258814
1151,37.59850684,27.45748652,27.91372874
1152,37.45333886,27.20862713,28.10037329
1153,37.66072169,27.27084197,28.10037329
1154,37.63998341,27.43674824,28.2040647
1155,37.55703028,27.35379511,27.95520531
1156,37.84736624,27.27084197,27.91372874
1157,37.95105765,27.08419743,27.56117793
1158,37.68145998,27.22936541,28.30775612
1159,37.84736624,27.35379511,27.6026545
1160,37.57776856,26.91829117,28.03815844
1161,37.43260058,26.91829117,27.89299046
1162,37.97179594,27.68560763,27.91372874
1163,37.47407715,27.12567399,28.01742016
1164,38.19991705,27.10493571,27.91372874
1165,37.72293654,27.22936541,28.01742016
1166,37.536292,27.20862713,27.91372874
1167,37.90958109,27.25010369,28.01742016
1168,37.8888428,26.95976773,27.97594359
1169,37.37038573,27.16715056,27.41600995
1170,37.84736624,26.95976773,27.83077561
1171,37.78515139,27.29158026,28.12111157
1172,37.84736624,27.12567399,27.56117793
1173,36.91414351,27.18788884,27.54043965
1174,37.39112401,27.22936541,27.58191622
1175,37.74367482,27.62339278,27.76856076
1176,37.22521775,27.22936541,27.78929905
1177,37.37038573,27.39527167,27.68560763
1178,37.97179594,26.7523849,27.74782248
1179,37.34964745,27.29158026,27.70634591
1180,37.14226462,27.14641228,27.66486935
1181,37.45333886,26.93902945,27.62339278
1182,37.18374119,27.04272086,27.62339278
1183,37.49481543,27.12567399,27.64413107
1184,37.55703028,27.4782248,27.37453339
1185,37.63998341,27.12567399,27.58191622
1186,37.536292,27.02198258,27.58191622
1187,37.1630029,27.12567399,27.35379511
1188,37.39112401,27.04272086,27.66486935
1189,37.45333886,27.14641228,27.41600995
1190,37.55703028,26.58647864,27.33305682
1191,36.91414351,26.85607632,27.18788884
1192,37.78515139,26.42057238,26.91829117
1193,37.99253422,26.89755288,27.45748652
1194,37.59850684,27.27084197,27.66486935
1195,37.39112401,26.56574036,27.08419743
1196,37.47407715,26.8768146,27.10493571
1197,37.51555371,27.35379511,26.73164662
1198,37.72293654,27.16715056,27.12567399
1199,37.26669432,27.20862713,27.12567399
1200,37.22521775,26.73164662,27.27084197
1201,36.99709664,26.77312319,27.20862713
1202,37.45333886,26.8768146,27.4782248
1203,37.78515139,26.98050601,27.54043965
1204,37.63998341,27.06345915,27.25010369
1205,37.51555371,27.33305682,27.56117793
1206,37.22521775,26.73164662,27.10493571
1207,37.536292,26.77312319,27.08419743
1208,37.49481543,26.91829117,26.85607632
1209,37.55703028,26.7523849,27.54043965
1210,37.61924513,27.06345915,27.33305682
1211,37.80588967,26.95976773,27.20862713
1212,37.14226462,27.06345915,26.89755288
1213,37.45333886,26.81459975,27.04272086
1214,37.536292,27.14641228,27.29158026
1215,37.22521775,27.22936541,26.7523849
1216,37.39112401,27.04272086,26.91829117
1217,37.57776856,26.8768146,26.85607632
1218,37.37038573,26.8768146,27.06345915
1219,36.97635836,27.25010369,27.37453339
1220,37.22521775,27.02198258,27.49896309
1221,37.68145998,26.64869349,27.10493571
1222,37.43260058,27.0012443,27.10493571
1223,37.55703028,27.33305682,26.91829117
1224,37.82662796,26.66943177,26.93902945
1225,37.24595603,26.83533803,27.02198258
1226,37.39112401,26.83533803,27.14641228
1227,37.34964745,26.7523849,27.20862713
1228,37.18374119,26.95976773,27.39527167
1229,37.61924513,26.89755288,26.81459975
1230,37.22521775,26.81459975,27.0012443
1231,36.83119038,26.62795521,27.04272086
1232,36.95562007,27.20862713,26.85607632
1233,37.22521775,27.10493571,26.64869349
1234,37.22521775,26.89755288,26.85607632
1235,37.03857321,26.66943177,26.39983409
1236,36.5615927,26.79386147,26.54500207
1237,36.97635836,27.12567399,26.52426379
1238,36.95562007,27.0012443,26.17171298
1239,36.81045209,26.93902945,26.73164662
1240,37.26669432,26.71090834,26.60721692
1241,37.10078805,27.12567399,26.62795521
1242,37.34964745,26.98050601,26.42057238
1243,36.85192866,26.93902945,26.33761925
1244,37.05931149,27.06345915,26.71090834
1245,36.93488179,26.69017005,26.60721692
1246,37.1630029,26.89755288,26.29614268
1247,37.57776856,26.7523849,26.50352551
1248,36.83119038,26.73164662,26.66943177
1249,36.72749896,27.08419743,26.54500207
1250,37.05931149,26.69017005,26.64869349
1251,37.10078805,27.14641228,26.60721692
1252,37.12152634,26.98050601,26.42057238
1253,37.05931149,27.06345915,26.7523849
1254,36.70676068,27.14641228,26.60721692
1255,36.95562007,26.93902945,26.35835753
1256,36.93488179,26.64869349,26.37909581
1257,36.91414351,26.91829117,26.08875985
1258,36.93488179,26.95976773,26.44131066
1259,36.70676068,27.20862713,26.10949813
1260,37.34964745,26.81459975,26.64869349
1261,37.14226462,26.91829117,26.62795521
1262,37.05931149,26.95976773,26.026545
1263,36.93488179,26.89755288,26.50352551
1264,36.74823725,26.62795521,26.42057238
1265,36.5615927,26.73164662,26.39983409
1266,36.81045209,26.48278723,26.33761925
1267,37.10078805,26.39983409,26.50352551
1268,36.85192866,27.22936541,26.46204894
1269,37.01783492,27.02198258,26.31688096
1270,36.27125674,26.73164662,26.58647864
1271,37.03857321,26.89755288,26.54500207
1272,36.76897553,26.98050601,26.19245127
1273,36.76897553,26.54500207,26.2754044
1274,37.18374119,26.06802157,26.026545
1275,36.91414351,26.77312319,25.96433015
1276,36.83119038,26.69017005,26.35835753
1277,37.4118623,26.85607632,26.39983409
1278,36.78971381,27.0012443,25.96433015
1279,37.10078805,26.64869349,26.37909581
1280,37.30817088,26.48278723,26.81459975
1281,37.03857321,26.66943177,26.46204894
1282,36.72749896,25.96433015,26.2754044
1283,37.14226462,26.66943177,26.33761925
1284,36.54085442,26.44131066,26.56574036
1285,36.85192866,26.48278723,25.96433015
1286,36.62380755,26.46204894,26.52426379
1287,36.39568644,26.66943177,25.94359187
1288,36.76897553,26.81459975,26.19245127
1289,36.64454583,26.58647864,26.29614268
1290,36.89340523,26.66943177,26.10949813
1291,36.89340523,26.17171298,26.10949813
1292,37.12152634,26.52426379,26.58647864
1293,36.83119038,26.08875985,26.00580672
1294,36.95562007,26.17171298,26.23392783
1295,36.91414351,26.25466611,26.44131066
1296,36.66528411,26.71090834,25.63251763
1297,36.78971381,26.66943177,25.88137702
1298,36.47863957,26.44131066,26.21318955
1299,36.62380755,26.58647864,25.83990046
1300,36.5615927,26.54500207,26.19245127
1301,37.43260058,26.52426379,25.77768561
1302,37.01783492,26.64869349,26.13023642
1303,37.05931149,26.46204894,26.2754044
1304,37.03857321,26.62795521,25.96433015
1305,37.24595603,26.95976773,25.92285359
1306,37.2874326,26.56574036,25.92285359
1307,36.70676068,26.2754044,26.04728328
1308,36.93488179,26.64869349,26.17171298
1309,37.01783492,26.69017005,26.31688096
1310,37.01783492,26.60721692,26.04728328
1311,36.47863957,26.64869349,25.63251763
1312,37.03857321,26.33761925,25.73620904
1313,36.91414351,26.21318955,26.19245127
1314,36.83119038,26.23392783,25.92285359
1315,37.45333886,26.54500207,25.52882621
1316,37.37038573,26.44131066,25.71547076
1317,36.72749896,26.62795521,25.9021153
1318,37.01783492,26.33761925,25.65325591
1319,36.78971381,26.17171298,25.9021153
1320,36.89340523,26.2754044,26.19245127
1321,37.01783492,26.79386147,26.026545
1322,36.52011613,26.04728328,25.88137702
1323,36.5615927,26.37909581,26.33761925
1324,37.30817088,25.86063874,26.31688096
1325,36.87266694,26.39983409,26.08875985
1326,36.83119038,26.46204894,25.77768561
1327,36.89340523,26.21318955,26.04728328
1328,36.87266694,26.62795521,25.77768561
1329,36.76897553,26.89755288,25.94359187
1330,36.70676068,26.81459975,25.79842389
1331,36.49937785,26.48278723,25.9021153
1332,36.60306927,26.60721692,25.92285359
1333,36.97635836,26.64869349,25.48734965
1334,36.89340523,26.77312319,25.63251763
1335,36.89340523,26.54500207,25.61177934
1336,36.78971381,26.91829117,25.71547076
1337,36.89340523,26.37909581,25.9021153
1338,36.81045209,26.33761925,25.50808793
1339,36.87266694,26.46204894,25.38365823
1340,36.81045209,26.06802157,25.77768561
1341,36.70676068,26.66943177,25.88137702
1342,36.62380755,26.60721692,25.79842389
1343,36.93488179,26.7523849,25.67399419
1344,36.97635836,26.69017005,25.83990046
1345,36.5615927,26.17171298,26.00580672
1346,36.52011613,26.79386147,25.9021153
1347,36.39568644,26.35835753,25.73620904
1348,36.70676068,26.44131066,25.67399419
1349,36.64454583,26.56574036,25.5495645
1350,36.64454583,26.83533803,25.67399419
1351,36.87266694,26.73164662,25.59104106
1352,36.87266694,26.56574036,25.59104106
1353,36.78971381,26.69017005,25.61177934
1354,37.08004977,26.42057238,25.3007051
1355,36.14682704,26.10949813,25.5495645
1356,36.64454583,26.29614268,25.59104106
1357,37.03857321,26.52426379,25.88137702
1358,36.54085442,26.25466611,25.65325591
1359,36.47863957,26.83533803,25.65325591
1360,36.81045209,26.54500207,25.63251763
1361,36.5615927,26.48278723,25.57030278
1362,36.16756533,26.58647864,25.83990046
1363,36.33347159,26.39983409,25.36291995
1364,36.6860224,26.31688096,25.46661136
1365,36.54085442,26.71090834,25.9021153
1366,36.64454583,26.33761925,25.4251348
1367,36.27125674,26.37909581,25.57030278
1368,36.70676068,26.21318955,25.67399419
1369,36.6860224,26.10949813,25.48734965
1370,36.91414351,26.44131066,25.5495645
1371,36.45790129,26.13023642,25.65325591
1372,37.14226462,25.79842389,25.46661136
1373,36.45790129,26.17171298,25.86063874
1374,36.54085442,26.06802157,26.08875985
1375,36.22978017,26.37909581,25.59104106
1376,36.64454583,26.04728328,25.65325591
1377,36.74823725,26.56574036,25.81916217
1378,36.74823725,26.37909581,25.61177934
1379,36.41642472,26.23392783,25.59104106
1380,36.39568644,26.10949813,25.71547076
1381,36.58233098,26.73164662,25.77768561
1382,36.66528411,26.48278723,25.48734965
1383,36.64454583,26.31688096,25.03110742
1384,36.45790129,26.60721692,25.36291995
1385,36.31273331,26.39983409,25.38365823
1386,36.49937785,26.026545,25.38365823
1387,36.5615927,26.44131066,25.79842389
1388,36.22978017,26.08875985,25.44587308
1389,36.58233098,26.48278723,25.40439652
1390,36.41642472,26.42057238,25.23849025
1391,36.25051846,26.31688096,25.25922854
1392,36.06387391,26.79386147,25.46661136
1393,35.93944421,26.29614268,25.52882621
1394,36.12608876,26.33761925,25.3007051
1395,36.22978017,26.29614268,25.83990046
1396,36.437163,26.44131066,25.21775197
1397,35.75279967,26.08875985,25.27996682
1398,36.81045209,26.64869349,25.27996682
1399,36.10535048,26.71090834,25.03110742
1400,36.437163,26.46204894,25.27996682
1401,36.14682704,26.10949813,25.09332227
1402,36.22978017,26.62795521,25.4251348
1403,36.04313563,26.29614268,25.34218167
1404,36.37494815,26.23392783,25.25922854
1405,36.14682704,26.29614268,25.23849025
1406,36.12608876,26.35835753,25.4251348
1407,36.10535048,26.35835753,25.50808793
1408,35.91870593,26.33761925,25.40439652
1409,36.18830361,26.42057238,25.32144338
1410,36.31273331,26.46204894,25.32144338
1411,36.06387391,26.7523849,25.40439652
1412,36.14682704,26.48278723,25.4251348
1413,36.16756533,26.2754044,25.40439652
1414,36.27125674,26.35835753,25.46661136
1415,36.00165906,26.39983409,25.34218167
1416,36.12608876,26.33761925,24.90667773
1417,36.35420987,26.23392783,25.46661136
1418,36.49937785,26.19245127,24.94815429
1419,36.16756533,26.39983409,25.44587308
1420,36.14682704,26.44131066,25.3007051
1421,36.31273331,25.88137702,25.4251348
1422,36.20904189,25.98506844,25.3007051
1423,36.37494815,26.23392783,25.07258399
1424,36.78971381,26.13023642,25.01036914
1425,36.25051846,26.17171298,25.46661136
1426,36.39568644,26.62795521,25.46661136
1427,36.58233098,26.44131066,25.1762754
1428,36.5615927,26.33761925,25.40439652
1429,36.08461219,26.026545,25.40439652
1430,36.37494815,26.13023642,25.38365823
1431,36.20904189,26.37909581,25.23849025
1432,36.49937785,26.56574036,25.38365823
1433,36.00165906,26.46204894,25.67399419
1434,36.25051846,26.50352551,25.65325591
1435,36.31273331,26.23392783,25.34218167
1436,36.31273331,26.60721692,25.34218167
1437,36.64454583,26.37909581,25.40439652
1438,36.02239735,26.48278723,25.13479884
1439,36.39568644,25.79842389,25.05184571
1440,35.79427623,26.23392783,24.61634177
1441,36.02239735,26.026545,25.05184571
1442,36.41642472,26.33761925,24.92741601
1443,36.27125674,26.35835753,25.27996682
1444,36.49937785,26.13023642,25.1762754
1445,36.06387391,26.17171298,24.98963086
1446,36.12608876,25.83990046,25.13479884
1447,36.08461219,26.42057238,25.3007051
1448,36.00165906,26.33761925,25.46661136
1449,35.85649108,26.69017005,25.09332227
1450,36.37494815,26.48278723,25.36291995
1451,36.52011613,26.19245127,25.57030278
1452,36.22978017,26.60721692,25.27996682
1453,36.14682704,26.1509747,25.15553712
1454,36.06387391,26.04728328,25.15553712
1455,36.33347159,26.46204894,24.98963086
1456,36.04313563,26.06802157,24.88593944
1457,36.02239735,26.46204894,25.40439652
1458,35.75279967,26.31688096,25.15553712
1459,36.20904189,26.1509747,25.13479884
1460,36.04313563,26.04728328,24.90667773
1461,36.29199502,26.46204894,25.05184571
1462,36.20904189,26.77312319,25.3007051
1463,36.49937785,26.04728328,25.5495645
1464,36.08461219,26.42057238,25.05184571
1465,35.66984654,26.19245127,25.34218167
1466,35.7113231,26.17171298,24.96889258
1467,36.27125674,26.026545,24.92741601
1468,35.60763169,26.21318955,25.38365823
1469,36.33347159,26.2754044,25.25922854
1470,36.45790129,26.42057238,24.84446288
1471,35.89796765,26.1509747,25.15553712
1472,36.00165906,26.52426379,24.90667773
1473,35.8357528,26.04728328,25.15553712
1474,35.9601825,26.19245127,24.92741601
1475,36.02239735,26.31688096,25.50808793
1476,35.9601825,26.00580672,25.21775197
1477,35.62836997,26.23392783,25.34218167
1478,36.47863957,26.17171298,24.94815429
1479,35.62836997,26.50352551,24.94815429
1480,35.89796765,26.29614268,25.21775197
1481,35.93944421,26.026545,25.01036914
1482,36.27125674,26.13023642,24.72003318
1483,36.12608876,26.06802157,25.25922854
1484,36.14682704,26.19245127,25.05184571
1485,36.12608876,26.13023642,25.15553712
1486,35.8357528,25.71547076,25.03110742
1487,35.91870593,25.46661136,25.25922854
1488,36.54085442,25.98506844,24.78224803
1489,36.60306927,26.10949813,25.11406056
1490,36.06387391,26.1509747,25.25922854
1491,36.04313563,25.92285359,25.13479884
1492,36.41642472,26.21318955,25.21775197
1493,35.87722937,25.96433015,25.27996682
1494,35.91870593,26.06802157,24.80298631
1495,36.22978017,26.10949813,24.8237246
1496,36.04313563,26.2754044,25.07258399
1497,35.75279967,26.10949813,24.6992949
1498,36.33347159,26.00580672,24.90667773
1499,36.27125674,26.1509747,24.96889258
1500,35.93944421,26.026545,25.19701369
1501,35.9601825,25.46661136,25.19701369
1502,36.02239735,26.17171298,24.86520116
1503,36.02239735,25.96433015,24.90667773
1504,36.04313563,25.79842389,25.21775197
1505,35.66984654,26.04728328,24.90667773
1506,35.77353795,26.46204894,25.15553712
1507,35.73206139,26.23392783,25.01036914
1508,35.8357528,26.06802157,24.92741601
1509,35.89796765,26.54500207,25.05184571
1510,35.75279967,25.79842389,24.88593944
1511,35.73206139,26.00580672,24.98963086
1512,35.8357528,26.04728328,24.20157611
1513,36.14682704,26.19245127,24.98963086
1514,35.58689341,25.98506844,24.78224803
1515,35.87722937,26.10949813,24.8237246
1516,35.85649108,26.06802157,24.63708005
1517,35.62836997,26.37909581,25.05184571
1518,35.8357528,26.10949813,24.80298631
1519,35.81501452,26.37909581,24.65781833
1520,35.93944421,26.10949813,24.96889258
1521,35.64910825,25.92285359,24.94815429
1522,35.7113231,26.17171298,24.65781833
1523,36.02239735,26.00580672,24.72003318
1524,35.69058482,26.13023642,25.13479884
1525,35.79427623,26.2754044,24.88593944
1526,36.04313563,25.83990046,25.1762754
1527,35.79427623,26.1509747,24.94815429
1528,35.50394027,26.08875985,24.5748652
1529,36.18830361,26.17171298,24.67855662
1530,35.73206139,26.026545,25.1762754
1531,35.73206139,26.1509747,25.03110742
1532,36.04313563,26.54500207,24.65781833
1533,35.66984654,26.04728328,24.26379096
1534,36.31273331,26.08875985,24.94815429
1535,35.40024886,26.10949813,24.92741601
1536,35.73206139,26.04728328,24.67855662
1537,36.14682704,26.00580672,25.07258399
1538,35.73206139,26.13023642,24.6992949
1539,35.62836997,25.94359187,24.84446288
1540,35.7113231,26.00580672,24.8237246
1541,36.18830361,25.75694732,24.94815429
1542,35.91870593,26.00580672,24.67855662
1543,36.35420987,25.9021153,24.61634177
1544,35.7113231,25.9021153,24.80298631
1545,35.7113231,25.98506844,24.65781833
1546,35.69058482,25.67399419,25.05184571
1547,35.42098714,26.23392783,24.76150975
1548,35.75279967,26.08875985,25.07258399
1549,35.8357528,25.81916217,24.88593944
1550,35.35877229,26.08875985,24.86520116
1551,35.91870593,25.92285359,24.86520116
1552,36.12608876,25.98506844,24.40895894
1553,35.58689341,26.10949813,24.55412692
1554,35.54541684,26.33761925,24.67855662
1555,35.8357528,26.10949813,24.94815429
1556,36.10535048,25.9021153,24.90667773
1557,36.02239735,26.06802157,24.63708005
1558,36.29199502,25.92285359,25.13479884
1559,35.8357528,26.06802157,24.61634177
1560,35.42098714,26.31688096,25.01036914
1561,35.66984654,26.2754044,24.96889258
1562,35.7113231,26.08875985,25.03110742
1563,35.93944421,26.026545,24.98963086
1564,35.7113231,25.92285359,24.96889258
1565,35.60763169,25.61177934,25.05184571
1566,35.89796765,25.79842389,24.76150975
1567,35.79427623,26.06802157,24.5748652
1568,35.44172543,25.63251763,24.86520116
1569,35.8357528,25.81916217,24.8237246
1570,36.04313563,26.04728328,24.6992949
1571,35.64910825,26.19245127,24.92741601
1572,35.64910825,25.77768561,24.96889258
1573,35.40024886,26.00580672,24.8237246
1574,35.37951058,25.92285359,25.27996682
1575,35.08917462,26.13023642,24.96889258
1576,35.62836997,26.39983409,24.59560348
1577,35.42098714,26.13023642,24.67855662
1578,35.40024886,26.17171298,24.51265035
1579,35.79427623,25.86063874,24.78224803
1580,35.81501452,25.77768561,24.86520116
1581,35.69058482,25.71547076,24.8237246
1582,35.58689341,25.79842389,24.53338864
1583,35.42098714,26.1509747,24.78224803
1584,35.27581916,25.75694732,24.5748652
1585,35.7113231,26.19245127,24.63708005
1586,35.75279967,26.23392783,24.5748652
1587,35.77353795,26.19245127,24.61634177
1588,35.8357528,25.83990046,24.76150975
1589,35.98092078,26.00580672,24.67855662
1590,35.87722937,25.40439652,24.65781833
1591,35.69058482,25.81916217,24.55412692
1592,35.48320199,25.81916217,24.63708005
1593,35.15138946,26.1509747,24.53338864
1594,35.31729573,25.9021153,24.76150975
1595,35.42098714,25.96433015,24.63708005
1596,35.13065118,25.86063874,24.49191207
1597,35.2343426,25.88137702,24.5748652
1598,35.48320199,25.81916217,24.59560348
1599,35.58689341,25.25922854,24.86520116
1600,35.46246371,25.86063874,25.01036914
1601,35.7113231,26.00580672,24.84446288
1602,35.25508088,25.96433015,24.76150975
1603,35.42098714,25.34218167,24.80298631
1604,35.81501452,25.98506844,24.59560348
1605,35.69058482,26.08875985,24.47117379
1606,35.56615512,26.33761925,24.86520116
1607,35.9601825,25.77768561,24.86520116
1608,35.46246371,26.026545,24.49191207
1609,35.33803401,25.69473248,24.72003318
1610,35.29655745,25.59104106,24.5748652
1611,35.35877229,25.71547076,24.63708005
1612,35.81501452,25.50808793,24.98963086
1613,35.50394027,25.86063874,24.74077146
1614,35.87722937,25.94359187,24.67855662
1615,35.44172543,26.08875985,24.55412692
1616,35.56615512,25.94359187,24.84446288
1617,35.8357528,25.63251763,24.76150975
1618,35.29655745,25.5495645,24.67855662
1619,35.7113231,26.10949813,24.63708005
1620,35.75279967,26.23392783,24.84446288
1621,35.62836997,26.1509747,24.88593944
1622,35.75279967,25.83990046,24.40895894
1623,35.52467856,25.4251348,24.4504355
1624,35.54541684,25.4251348,24.38822066
1625,35.66984654,25.79842389,24.55412692
1626,35.42098714,25.71547076,24.42969722
1627,35.73206139,25.32144338,24.18083783
1628,35.46246371,25.83990046,24.38822066
1629,35.64910825,25.71547076,24.51265035
1630,35.27581916,25.69473248,24.55412692
1631,35.17212775,25.88137702,24.65781833
1632,35.17212775,25.67399419,24.51265035
1633,35.69058482,25.94359187,24.34674409
1634,35.19286603,25.94359187,24.55412692
1635,34.9854832,25.61177934,24.61634177
1636,35.7113231,25.94359187,24.53338864
1637,35.2343426,25.94359187,24.63708005
1638,35.75279967,25.92285359,24.72003318
1639,35.19286603,25.86063874,24.78224803
1640,35.37951058,25.73620904,24.67855662
1641,35.37951058,25.83990046,24.47117379
1642,35.56615512,26.04728328,24.5748652
1643,35.40024886,25.81916217,24.42969722
1644,35.00622148,25.92285359,24.24305268
1645,35.37951058,25.9021153,24.49191207
1646,35.31729573,25.59104106,24.61634177
1647,35.58689341,25.73620904,24.36748237
1648,35.19286603,25.9021153,24.5748652
1649,35.62836997,25.96433015,24.49191207
1650,35.25508088,25.88137702,24.78224803
1651,35.50394027,25.50808793,24.55412692
1652,35.50394027,25.77768561,24.49191207
1653,35.31729573,25.67399419,24.6992949
1654,35.19286603,25.96433015,24.36748237
1655,35.1099129,26.10949813,24.38822066
1656,35.06843633,25.92285359,24.32600581
1657,35.44172543,25.75694732,24.65781833
1658,35.08917462,25.67399419,24.42969722
1659,35.35877229,26.21318955,24.28452924
1660,35.13065118,25.75694732,24.5748652
1661,35.08917462,25.07258399,24.76150975
1662,35.1099129,25.21775197,24.67855662
1663,35.13065118,25.44587308,24.16009954
1664,35.27581916,25.81916217,24.24305268
1665,34.71588552,25.81916217,24.22231439
1666,35.21360431,25.98506844,24.20157611
1667,35.52467856,26.31688096,24.4504355
1668,35.2343426,26.04728328,24.38822066
1669,35.15138946,26.08875985,24.84446288
1670,35.13065118,26.00580672,24.42969722
1671,35.06843633,25.77768561,24.4504355
1672,35.31729573,25.4251348,24.34674409
1673,35.31729573,25.5495645,24.36748237
1674,35.04769805,25.63251763,24.34674409
1675,35.08917462,25.77768561,24.4504355
1676,34.77810037,25.69473248,24.20157611
1677,35.42098714,25.52882621,24.11862298
1678,35.19286603,26.08875985,24.49191207
1679,35.02695977,25.5495645,24.42969722
1680,35.50394027,25.57030278,24.30526752
1681,35.15138946,25.81916217,24.47117379
1682,35.35877229,26.04728328,24.74077146
1683,35.15138946,25.5495645,24.36748237
1684,35.19286603,26.1509747,24.36748237
1685,35.2343426,26.13023642,24.65781833
1686,35.31729573,25.75694732,24.63708005
1687,35.27581916,25.69473248,24.4504355
1688,35.04769805,25.21775197,24.55412692
1689,35.06843633,25.61177934,24.67855662
1690,35.25508088,25.69473248,24.90667773
1691,35.48320199,26.04728328,24.78224803
1692,35.25508088,25.65325591,24.6992949
1693,35.31729573,25.96433015,24.4504355
1694,35.21360431,25.83990046,24.5748652
1695,35.19286603,25.57030278,24.42969722
1696,35.17212775,25.73620904,24.42969722
1697,34.61219411,25.46661136,24.80298631
1698,35.29655745,25.86063874,24.8237246
1699,35.42098714,25.83990046,24.53338864
1700,35.62836997,25.79842389,24.49191207
1701,34.71588552,25.75694732,24.78224803
1702,35.00622148,26.026545,24.51265035
1703,34.81957694,26.10949813,24.5748652
1704,35.04769805,25.65325591,24.20157611
1705,34.9854832,26.00580672,24.4504355
1706,35.15138946,25.61177934,24.4504355
1707,35.25508088,25.98506844,24.4504355
1708,34.79883866,25.61177934,24.4504355
1709,34.94400664,25.79842389,24.30526752
1710,35.21360431,25.44587308,24.16009954
1711,35.25508088,25.83990046,24.59560348
1712,35.33803401,25.77768561,24.6992949
1713,35.06843633,25.71547076,24.65781833
1714,34.71588552,26.026545,24.61634177
1715,34.96474492,25.69473248,24.34674409
1716,34.94400664,25.38365823,23.95271672
1717,34.79883866,25.40439652,24.42969722
1718,35.08917462,25.63251763,24.22231439
1719,34.92326835,25.46661136,24.05640813
1720,34.75736209,25.67399419,24.38822066
1721,35.2343426,25.83990046,24.28452924
1722,35.15138946,25.61177934,24.30526752
1723,35.21360431,25.69473248,24.16009954
1724,34.94400664,25.61177934,24.47117379
1725,34.9854832,25.61177934,23.99419328
1726,34.8610535,25.63251763,24.49191207
1727,34.54997926,25.59104106,24.22231439
1728,34.67440896,25.86063874,24.16009954
1729,34.96474492,25.50808793,24.28452924
1730,34.96474492,25.38365823,24.16009954
1731,34.63293239,25.48734965,24.67855662
1732,34.75736209,25.34218167,24.26379096
1733,34.71588552,25.4251348,24.38822066
1734,34.88179179,25.50808793,24.40895894
1735,35.25508088,25.73620904,24.24305268
1736,35.29655745,26.17171298,24.0978847
1737,35.19286603,25.73620904,24.5748652
1738,35.15138946,25.77768561,24.86520116
1739,34.92326835,25.9021153,24.67855662
1740,35.19286603,25.61177934,24.47117379
1741,34.8610535,25.63251763,24.26379096
1742,35.06843633,25.81916217,24.28452924
1743,34.63293239,25.77768561,24.34674409
1744,34.9854832,25.73620904,24.49191207
1745,34.81957694,25.73620904,24.13936126
1746,34.65367068,26.00580672,24.20157611
1747,35.00622148,25.40439652,24.24305268
1748,35.21360431,25.13479884,24.26379096
1749,34.92326835,25.50808793,24.49191207
1750,35.06843633,25.5495645,24.20157611
1751,34.46702613,25.59104106,24.26379096
1752,34.21816674,25.75694732,24.4504355
1753,34.92326835,25.63251763,24.67855662
1754,34.88179179,25.34218167,24.49191207
1755,34.92326835,25.46661136,24.20157611
1756,34.79883866,25.50808793,24.36748237
1757,35.08917462,25.23849025,24.28452924
1758,34.69514724,25.32144338,24.34674409
1759,34.94400664,25.88137702,24.0978847
1760,34.96474492,25.61177934,23.91124015
1761,34.81957694,25.94359187,23.89050187
1762,34.75736209,25.79842389,24.20157611
1763,35.27581916,25.52882621,24.42969722
1764,34.63293239,25.77768561,24.36748237
1765,35.21360431,25.46661136,24.11862298
1766,34.73662381,25.46661136,24.63708005
1767,35.08917462,25.69473248,24.0978847
1768,35.08917462,25.48734965,24.26379096
1769,35.17212775,25.48734965,24.30526752
1770,34.96474492,25.57030278,24.61634177
1771,35.00622148,25.52882621,24.16009954
1772,34.96474492,25.52882621,24.36748237
1773,34.63293239,25.75694732,24.05640813
1774,34.73662381,25.52882621,24.49191207
1775,34.63293239,25.11406056,24.42969722
1776,35.08917462,25.83990046,24.24305268
1777,34.79883866,25.63251763,24.26379096
1778,35.02695977,25.61177934,23.973455
1779,34.46702613,25.81916217,24.24305268
1780,34.40481128,25.63251763,24.42969722
1781,34.69514724,25.61177934,24.47117379
1782,34.59145583,25.86063874,24.40895894
1783,34.61219411,25.32144338,24.36748237
1784,34.81957694,25.75694732,24.28452924
1785,34.96474492,25.75694732,24.4504355
1786,34.90253007,25.44587308,24.86520116
1787,34.8610535,25.65325591,24.61634177
1788,34.77810037,25.32144338,24.30526752
1789,35.00622148,25.59104106,24.26379096
1790,34.52924098,25.52882621,24.18083783
1791,34.77810037,25.69473248,24.55412692
1792,34.90253007,25.69473248,24.32600581
1793,35.00622148,25.63251763,24.20157611
1794,34.52924098,25.94359187,24.03566985
1795,34.71588552,25.5495645,24.49191207
1796,34.65367068,25.63251763,24.16009954
1797,35.04769805,25.27996682,24.38822066
1798,34.42554956,26.06802157,24.53338864
1799,34.384073,25.57030278,24.07714641
1800,34.81957694,25.50808793,24.07714641
