cycle,inc_str_info,info_inc_str,str_info_inc
0,0,0,0
1,4.209871423,4.520945666,4.4794691
2,6.345914558,7.051016176,7.382828702
3,8.004977188,8.004977188,8.295313148
4,10.03732891,9.933637495,9.518871837
5,10.94981336,11.0120282,11.05350477
6,11.0120282,11.77934467,12.38075487
7,12.50518457,12.7125674,12.8369971
8,14.35089175,13.58357528,14.43384488
9,14.47532144,14.20572377,14.7656574
10,15.42928246,15.26337619,15.94773953
11,16.61136458,16.05143094,16.50767316
12,17.54458731,16.69431771,17.56532559
13,17.04686852,17.64827872,18.47781004
14,18.41559519,18.72666943,19.68063044
15,18.58150145,18.91331398,20.19908752
16,19.22438822,19.3695562,20.36499378
17,19.9709664,19.6184156,20.92492742
18,20.05391954,19.86727499,21.27747822
19,20.67606802,21.11157196,21.36043136
20,21.7959353,21.31895479,22.95727914
21,22.79137287,22.68768146,23.62090419
22,23.10244712,22.56325176,24.61634177
23,22.91580257,23.1231854,25.01036914
24,23.2476151,23.51721277,25.65325591
25,23.7245956,24.24305268,25.59104106
26,24.49191207,24.51265035,25.77768561
27,24.65781833,24.51265035,26.37909581
28,25.63251763,25.50808793,26.66943177
29,25.94359187,26.13023642,27.51970137
30,25.77768561,26.33761925,28.2040647
31,26.23392783,27.16715056,28.82621319
32,27.04272086,27.37453339,28.9299046
33,27.0012443,27.35379511,29.03359602
34,27.64413107,27.58191622,29.48983824
35,27.7270842,28.4529241,30.0290336
36,28.14184985,28.12111157,30.5060141
37,28.47366238,29.36540854,30.67192036
38,28.9299046,29.0543343,31.06594774
39,29.57279137,29.40688511,31.56366653
40,29.42762339,29.57279137,31.79178764
41,29.82165077,29.7801742,31.60514309
42,30.19493986,30.48527582,32.62131895
43,30.69265865,30.7548735,31.97843219
44,31.02447117,31.41849855,32.97386976
45,30.81708835,31.08668602,32.84944007
46,31.27333057,31.85400249,33.26420572
47,31.4807134,31.81252592,33.5338034
48,32.06138532,32.49688926,33.69970966
49,32.12360017,32.91165491,33.88635421
50,31.60514309,33.28494401,34.73662381
51,32.24802986,32.82870178,34.2596433
52,32.18581501,33.67897138,34.48776441
53,32.74574865,33.74118623,35.31729573
54,33.09829946,34.77810037,35.15138946
55,33.47158855,34.77810037,36.18830361
56,33.69970966,35.52467856,36.54085442
57,33.6582331,35.35877229,36.93488179
58,34.30111987,36.06387391,36.99709664
59,34.28038158,35.66984654,37.12152634
60,34.81957694,36.25051846,38.09622563
61,35.04769805,36.437163,37.51555371
62,35.04769805,36.12608876,37.61924513
63,35.44172543,36.5615927,37.68145998
64,35.48320199,36.54085442,37.68145998
65,35.35877229,36.54085442,38.15844048
66,35.52467856,37.14226462,38.30360846
67,36.37494815,36.72749896,38.71837412
68,36.00165906,36.64454583,38.78058897
69,36.08461219,37.61924513,38.75985068
70,36.58233098,37.93031937,39.11240149
71,36.60306927,37.51555371,39.17461634
72,36.85192866,37.66072169,39.75528826
73,36.72749896,38.36582331,40.02488594
74,37.1630029,38.80132725,39.92119453
75,37.45333886,38.63542099,39.61012028
76,37.47407715,39.02944836,39.98340937
77,37.39112401,39.25756947,40.27374533
78,37.24595603,39.38199917,40.35669847
79,37.47407715,39.21609291,40.50186645
80,37.82662796,39.21609291,40.60555786
81,38.51099129,39.44421402,40.81294069
82,37.90958109,39.67233513,41.43508917
83,38.34508503,39.77602655,41.45582746
84,38.53172957,40.60555786,41.24844463
85,38.05474907,40.1907922,41.642472
86,38.32434674,40.21153049,41.84985483
87,38.51099129,40.97884695,41.78763998
88,38.65615927,40.77146412,41.82911655
89,38.6146827,40.66777271,41.97428453
90,39.00871008,40.68851099,42.05723766
91,39.07092493,41.06180008,42.34757362
92,38.69763584,41.20696806,42.03649938
93,39.21609291,41.06180008,42.34757362
94,38.8635421,41.642472,42.59643302
95,39.27830776,42.28535877,43.05267524
96,39.00871008,41.55951887,43.30153463
97,39.92119453,42.28535877,43.07341352
98,40.04562422,42.14019079,43.01119867
99,39.98340937,42.05723766,43.63334716
100,40.1907922,41.87059311,43.38448776
101,40.46038988,42.32683534,43.90294484
102,39.96267109,42.40978847,43.86146827
103,40.02488594,42.11945251,43.98589797
104,40.52260473,42.47200332,44.1932808
105,40.72998756,42.40978847,44.60804645
106,40.89589382,42.741601,43.90294484
107,40.95810867,42.67938615,43.90294484
108,41.1654915,43.13562837,44.1932808
109,41.06180008,43.13562837,44.69099959
110,41.28992119,43.92368312,44.42140191
111,41.43508917,43.9444214,44.0688511
112,41.43508917,43.65408544,44.37992534
113,41.58025715,43.88220655,44.73247615
114,42.16092908,43.86146827,44.89838241
115,42.16092908,43.77851514,44.83616757
116,41.82911655,43.88220655,45.04355039
117,41.74616342,44.17254251,45.06428868
118,41.74616342,43.9444214,45.68643716
119,42.05723766,44.44214019,45.5205309
120,42.14019079,44.50435504,45.29240979
121,41.72542513,44.73247615,45.62422231
122,42.01576109,44.25549564,45.54126918
123,42.14019079,44.48361676,46.05972625
124,42.16092908,44.64952302,45.68643716
125,42.55495645,45.06428868,46.18415595
126,42.67938615,45.10576524,46.43301535
127,42.94898382,44.85690585,46.53670676
128,42.55495645,45.37536292,46.99294898
129,42.96972211,45.60348403,46.41227706
130,43.0941518,44.98133555,46.93073414
131,42.92824554,45.54126918,46.57818333
132,43.40522605,45.20945666,46.74408959
133,43.15636665,45.70717545,46.93073414
134,43.17710494,45.18871837,46.95147242
135,43.11489009,45.29240979,47.20033181
136,43.40522605,45.99751141,47.03442555
137,43.19784322,45.72791373,47.46992949
138,43.19784322,45.81086686,47.01368727
139,43.38448776,46.28784737,47.49066777
140,43.52965574,45.95603484,47.65657404
141,43.17710494,46.16341767,47.17959353
142,43.90294484,46.53670676,47.67731232
143,43.86146827,46.32932393,47.73952717
144,43.86146827,46.16341767,48.00912484
145,43.92368312,46.3708005,47.55288262
146,44.25549564,46.3708005,47.49066777
147,44.6702613,46.90999585,48.05060141
148,44.73247615,46.47449191,47.96764828
149,44.37992534,46.39153878,48.00912484
150,44.13106595,46.35006221,48.07133969
151,44.9191207,46.86851929,48.15429282
152,44.52509332,46.90999585,47.96764828
153,44.71173787,46.41227706,47.76026545
154,44.6702613,47.32476151,48.2994608
155,44.93985898,46.847781,48.5483202
156,45.02281211,47.03442555,48.00912484
157,44.48361676,47.03442555,48.65201161
158,44.9191207,47.26254666,48.69348818
159,45.02281211,47.28328494,48.6727499
160,45.00207383,47.38697636,48.5483202
161,45.00207383,47.2210701,48.40315222
162,45.87308171,47.71878888,48.77644131
163,45.54126918,47.46992949,48.61053505
164,45.81086686,47.96764828,48.75570303
165,45.83160514,47.71878888,48.19576939
166,45.27167151,47.67731232,48.6727499
167,45.27167151,47.38697636,48.98382414
168,45.41683949,47.80174202,49.00456242
169,45.35462464,47.17959353,49.37785151
170,45.6449606,48.05060141,49.37785151
171,45.6449606,48.17503111,49.68892576
172,45.72791373,48.19576939,49.23268353
173,45.89381999,48.09207798,49.21194525
174,45.70717545,48.21650767,49.10825384
175,45.81086686,48.02986313,49.06677727
176,45.70717545,47.86395686,49.06677727
177,46.47449191,47.92617171,48.92160929
178,46.28784737,48.23724596,49.1497304
179,46.28784737,48.19576939,49.60597263
180,46.2463708,48.44462878,49.8755703
181,46.28784737,48.50684363,49.50228121
182,46.18415595,48.40315222,49.60597263
183,46.59892161,48.46536707,49.44006636
184,46.41227706,48.71422646,50.08295313
185,46.61965989,49.02530071,49.77187889
186,47.05516383,48.5483202,49.8755703
187,46.88925757,48.88013273,49.3985898
188,46.90999585,48.58979676,49.60597263
189,46.43301535,48.83865616,50.18664455
190,47.03442555,48.63127333,49.8755703
191,47.03442555,48.65201161,50.1244297
192,47.26254666,49.12899212,49.97926172
193,47.30402323,48.77644131,49.75114061
194,47.38697636,48.90087101,50.06221485
195,47.26254666,48.96308586,50.1244297
196,47.36623808,49.2741601,50.58067192
197,47.20033181,48.83865616,50.95396101
198,47.65657404,49.12899212,50.82953131
199,46.90999585,48.88013273,50.82953131
200,47.07590212,49.3985898,50.62214849
201,47.92617171,49.1497304,50.51845707
202,47.76026545,49.3985898,50.55993364
203,47.44919121,49.83409374,50.82953131
204,47.8224803,48.88013273,51.24429697
205,47.59435919,48.6727499,50.74657818
206,48.00912484,49.79261717,50.95396101
207,48.11281626,49.25342182,50.64288677
208,48.32019909,49.70966404,50.76731647
209,47.84321858,50.02073828,50.89174616
210,48.00912484,49.35711323,51.11986727
211,47.84321858,48.94234757,50.8502696
212,48.23724596,49.50228121,50.74657818
213,48.11281626,49.8755703,50.74657818
214,48.48610535,50.04147657,50.97469929
215,48.69348818,49.97926172,51.38946495
216,47.96764828,49.8755703,51.59684778
217,48.23724596,49.81335545,51.67980091
218,48.90087101,49.81335545,51.34798839
219,48.09207798,49.95852343,51.24429697
220,48.40315222,49.91704687,51.28577354
221,48.15429282,49.97926172,51.51389465
222,48.13355454,49.77187889,51.20282041
223,48.71422646,50.37328909,50.97469929
224,48.63127333,50.37328909,51.16134384
225,48.13355454,50.22812111,51.61758606
226,48.77644131,50.70510162,51.5761095
227,48.77644131,50.45624222,51.82496889
228,48.11281626,50.31107424,51.63832435
229,49.08751555,50.22812111,51.90792202
230,48.92160929,50.41476566,51.5761095
231,48.56905848,50.04147657,52.1775197
232,48.71422646,50.37328909,51.90792202
233,48.56905848,50.55993364,51.94939859
234,48.73496474,50.53919535,51.72127748
235,48.77644131,50.80879303,51.67980091
236,48.79717959,50.18664455,51.88718374
237,48.85939444,50.37328909,51.99087516
238,48.92160929,50.74657818,51.88718374
239,48.73496474,50.64288677,51.86644546
240,48.61053505,50.26959768,51.97013687
241,48.71422646,50.58067192,52.1775197
242,49.02530071,50.58067192,52.1775197
243,49.17046869,50.91248445,51.82496889
244,48.88013273,50.95396101,52.61302364
245,48.56905848,50.99543758,52.1775197
246,49.12899212,51.20282041,52.40564081
247,48.90087101,51.01617586,52.1775197
248,48.40315222,51.14060556,52.19825798
249,49.10825384,50.68436333,52.01161344
250,49.35711323,51.14060556,52.38490253
251,49.29489838,50.99543758,51.86644546
252,49.70966404,50.87100788,52.19825798
253,49.25342182,51.03691414,52.71671506
254,49.54375778,50.99543758,52.57154708
255,49.77187889,51.14060556,52.9033596
256,49.37785151,51.26503526,52.79966819
257,49.75114061,51.11986727,52.63376192
258,49.62671091,51.03691414,52.53007051
259,50.16590626,51.53463293,53.06926586
260,50.37328909,51.01617586,52.53007051
261,49.64744919,51.07839071,52.63376192
262,49.81335545,51.28577354,52.69597677
263,49.97926172,51.34798839,52.69597677
264,50,51.14060556,52.92409788
265,50.02073828,51.55537122,52.71671506
266,50.20738283,51.88718374,53.35960182
267,50.20738283,51.36872667,53.04852758
268,49.97926172,51.49315637,52.94483617
269,50.14516798,51.34798839,53.09000415
270,50,51.43094152,53.09000415
271,49.89630859,51.86644546,53.42181667
272,49.68892576,51.86644546,53.06926586
273,49.17046869,51.53463293,53.152219
274,49.89630859,51.36872667,53.0277893
275,50.10369141,51.30651182,53.09000415
276,50.06221485,51.61758606,52.84114475
277,50.16590626,51.65906263,52.82040647
278,49.97926172,51.61758606,52.79966819
279,50.37328909,50.91248445,53.00705102
280,49.95852343,51.43094152,53.35960182
281,49.91704687,51.92866031,53.46329324
282,50.78805475,51.86644546,53.06926586
283,51.11986727,52.13604314,53.67067607
284,50.76731647,51.97013687,53.23517213
285,50.6014102,51.55537122,53.40107839
286,50.55993364,52.11530485,53.09000415
287,50.78805475,51.86644546,53.64993779
288,50.53919535,51.86644546,53.58772294
289,50.99543758,51.76275404,53.35960182
290,50.37328909,51.65906263,53.42181667
291,50.45624222,52.3019494,53.60846122
292,50.49771879,52.11530485,53.60846122
293,50.74657818,51.99087516,53.25591041
294,50.64288677,51.92866031,53.69141435
295,50.70510162,52.4263791,53.38034011
296,50.76731647,52.32268768,53.19369556
297,50.1244297,52.26047283,53.73289092
298,50.31107424,52.01161344,54.06470344
299,50.39402737,52.03235172,53.94027375
300,50.47698051,52.3019494,53.98175031
301,51.20282041,52.28121112,53.64993779
302,51.11986727,51.78349233,53.81584405
303,51.30651182,52.38490253,53.50476981
304,50.76731647,52.75819162,54.31356284
305,50.74657818,52.50933223,54.00248859
306,50.8502696,52.3019494,53.56698465
307,50.95396101,52.03235172,53.73289092
308,51.01617586,52.4263791,54.00248859
309,50.93322273,52.7789299,54.04396516
310,50.99543758,52.82040647,53.67067607
311,51.28577354,52.57154708,54.06470344
312,50.62214849,52.38490253,53.79510577
313,50.76731647,52.63376192,54.04396516
314,50.68436333,52.36416425,54.08544173
315,50.78805475,52.63376192,54.06470344
316,51.11986727,52.53007051,54.41725425
317,51.67980091,52.50933223,54.12691829
318,51.53463293,52.65450021,54.29282455
319,51.09912899,52.53007051,54.68685193
320,51.14060556,52.59228536,54.18913314
321,51.49315637,52.84114475,54.10618001
322,51.30651182,52.63376192,54.23060971
323,50.70510162,53.00705102,54.23060971
324,50.78805475,53.29738698,54.43799253
325,50.97469929,52.69597677,54.45873082
326,51.59684778,52.26047283,54.23060971
327,51.26503526,53.0277893,54.08544173
328,51.43094152,52.98631273,54.23060971
329,51.36872667,53.19369556,54.43799253
330,51.28577354,52.88262132,54.02322688
331,51.28577354,53.21443384,54.16839486
332,51.63832435,53.17295728,54.31356284
333,51.49315637,53.00705102,54.06470344
334,51.5761095,53.13148071,54.50020738
335,51.78349233,53.27664869,54.16839486
336,51.51389465,53.06926586,54.3550394
337,51.43094152,53.25591041,54.39651597
338,51.34798839,53.00705102,54.54168395
339,51.18208212,52.7789299,54.6038988
340,51.36872667,53.152219,54.56242223
341,51.49315637,52.82040647,54.72832849
342,51.76275404,53.23517213,54.72832849
343,51.84570718,53.33886354,54.56242223
344,51.65906263,53.09000415,54.62463708
345,51.61758606,52.96557445,54.4794691
346,51.63832435,53.48403152,54.62463708
347,51.84570718,53.19369556,54.4794691
348,51.86644546,53.152219,54.4794691
349,51.59684778,53.69141435,54.52094567
350,51.86644546,53.31812526,54.58316051
351,51.59684778,53.67067607,54.85275819
352,51.78349233,53.44255496,55.10161759
353,52.32268768,53.6291995,55.14309415
354,51.5761095,53.35960182,54.93571132
355,51.36872667,53.44255496,54.83201991
356,51.26503526,53.35960182,54.68685193
357,51.86644546,53.31812526,54.74906678
358,51.26503526,53.56698465,54.62463708
359,51.80423061,53.11074243,54.83201991
360,51.92866031,53.56698465,54.54168395
361,51.82496889,53.35960182,54.64537536
362,52.28121112,53.23517213,54.81128163
363,52.21899627,53.54624637,54.87349647
364,52.1775197,53.85732061,54.89423476
365,52.15678142,53.79510577,54.97718789
366,50.87100788,53.38034011,54.29282455
367,50.6014102,53.19369556,54.37577769
368,50.10369141,53.35960182,54.02322688
369,50.43550394,53.33886354,54.04396516
370,50.29033596,53.09000415,53.81584405
371,50.78805475,53.17295728,54.00248859
372,50.64288677,53.04852758,54.16839486
373,50.66362505,53.54624637,53.73289092
374,50.7258399,53.29738698,54.00248859
375,50.43550394,53.29738698,53.79510577
376,50.64288677,53.23517213,53.98175031
377,50.24885939,53.31812526,53.69141435
378,50.6014102,53.17295728,53.94027375
379,50.43550394,53.23517213,53.91953546
380,50,53.42181667,53.40107839
381,50.87100788,53.44255496,53.60846122
382,50.53919535,53.60846122,54.10618001
383,50.51845707,53.50476981,53.98175031
384,50.49771879,53.25591041,54.00248859
385,50.6014102,53.00705102,53.91953546
386,50.45624222,53.52550809,53.42181667
387,50.62214849,53.40107839,53.71215263
388,50.49771879,52.71671506,53.35960182
389,50.33181253,53.29738698,53.81584405
390,50.55993364,53.42181667,53.46329324
391,50.37328909,53.52550809,53.13148071
392,50.43550394,53.42181667,54.16839486
393,50.47698051,53.44255496,53.91953546
394,50.37328909,53.09000415,53.7536292
395,50.29033596,53.19369556,53.56698465
396,50.62214849,52.94483617,53.7536292
397,50.68436333,52.79966819,53.71215263
398,50.37328909,53.21443384,53.54624637
399,50.41476566,53.06926586,53.98175031
400,50.68436333,53.29738698,53.00705102
401,50.7258399,53.52550809,53.79510577
402,50.76731647,53.09000415,53.89879718
403,50.53919535,52.94483617,53.79510577
404,50.53919535,52.50933223,53.7536292
405,50.82953131,52.94483617,53.54624637
406,50.78805475,52.92409788,53.52550809
407,50.35255081,52.96557445,53.6291995
408,50.35255081,52.84114475,53.35960182
409,50.49771879,52.96557445,53.56698465
410,50.35255081,53.0277893,53.31812526
411,50.6014102,53.17295728,53.67067607
412,50.08295313,52.88262132,53.50476981
413,50.31107424,53.04852758,53.42181667
414,50.43550394,53.29738698,53.33886354
415,50.7258399,53.29738698,53.52550809
416,50.45624222,53.06926586,53.81584405
417,50.08295313,53.44255496,53.94027375
418,50.70510162,53.29738698,53.52550809
419,50.68436333,53.152219,53.23517213
420,50.20738283,53.19369556,53.96101203
421,50.66362505,52.48859394,53.67067607
422,50.1244297,52.98631273,53.73289092
423,50.51845707,53.38034011,53.50476981
424,50.47698051,52.79966819,53.40107839
425,50.24885939,53.31812526,53.85732061
426,50.29033596,53.19369556,53.6291995
427,50.74657818,53.09000415,53.27664869
428,50.64288677,53.42181667,53.60846122
429,50.7258399,53.25591041,53.35960182
430,50.70510162,53.6291995,53.54624637
431,50.14516798,53.38034011,53.40107839
432,50.18664455,53.46329324,53.69141435
433,50.16590626,53.56698465,53.50476981
434,50.10369141,53.13148071,53.60846122
435,50.18664455,52.94483617,53.40107839
436,50.31107424,53.00705102,53.64993779
437,50.26959768,53.44255496,53.35960182
438,50.26959768,53.44255496,53.33886354
439,50.1244297,53.33886354,53.54624637
440,50.29033596,53.09000415,52.96557445
441,50.20738283,53.27664869,52.92409788
442,50.33181253,53.13148071,53.21443384
443,50.22812111,53.17295728,53.06926586
444,50.39402737,53.11074243,52.98631273
445,50.26959768,53.46329324,53.23517213
446,50.55993364,53.0277893,53.40107839
447,50.49771879,53.42181667,53.13148071
448,50.18664455,53.50476981,53.69141435
449,50.26959768,53.152219,53.11074243
450,50.16590626,53.40107839,53.27664869
451,50.70510162,52.9033596,53.33886354
452,50.26959768,53.46329324,53.60846122
453,50.51845707,53.46329324,53.21443384
454,50.22812111,53.31812526,53.00705102
455,50.47698051,52.96557445,53.13148071
456,50.55993364,53.50476981,53.19369556
457,50.43550394,53.54624637,52.9033596
458,50.55993364,52.61302364,53.40107839
459,50.37328909,53.09000415,52.98631273
460,50.37328909,52.94483617,53.40107839
461,50.33181253,53.19369556,53.23517213
462,50.55993364,52.88262132,53.27664869
463,50.55993364,52.82040647,53.48403152
464,50.37328909,52.98631273,53.35960182
465,50.53919535,53.04852758,53.23517213
466,50.1244297,53.25591041,53.6291995
467,50.31107424,53.21443384,53.29738698
468,50.29033596,53.58772294,53.27664869
469,50.47698051,53.13148071,53.11074243
470,50.64288677,53.33886354,53.29738698
471,50.08295313,53.6291995,53.00705102
472,50.35255081,53.44255496,53.09000415
473,50.35255081,53.27664869,53.81584405
474,50.51845707,53.50476981,53.33886354
475,50.6014102,53.25591041,53.21443384
476,50.33181253,53.58772294,53.58772294
477,50.70510162,53.50476981,53.52550809
478,50.66362505,53.46329324,52.92409788
479,50.58067192,53.11074243,53.56698465
480,50.1244297,52.92409788,53.00705102
481,50.37328909,53.29738698,53.40107839
482,50.41476566,53.42181667,53.50476981
483,50.33181253,52.86188304,53.81584405
484,50.43550394,53.17295728,53.11074243
485,50.33181253,53.04852758,53.0277893
486,50.26959768,53.23517213,53.23517213
487,50.35255081,53.04852758,53.52550809
488,50.64288677,52.7789299,53.17295728
489,50.41476566,52.79966819,53.42181667
490,50.51845707,53.25591041,53.60846122
491,50.35255081,53.152219,53.09000415
492,50.53919535,53.35960182,53.40107839
493,50.78805475,53.60846122,53.6291995
494,50.64288677,53.38034011,53.0277893
495,50.45624222,53.19369556,52.82040647
496,50.37328909,52.86188304,53.11074243
497,50.22812111,53.67067607,53.13148071
498,50.39402737,53.19369556,53.23517213
499,50.18664455,52.94483617,52.69597677
500,50.55993364,53.25591041,53.11074243
501,50.70510162,53.48403152,53.33886354
502,50.6014102,53.42181667,53.13148071
503,50.55993364,53.35960182,53.27664869
504,50.18664455,53.23517213,53.38034011
505,50.6014102,53.09000415,53.29738698
506,50.43550394,52.9033596,53.04852758
507,50.58067192,53.29738698,53.48403152
508,50.70510162,53.17295728,53.09000415
509,50.10369141,53.13148071,53.42181667
510,50.6014102,52.9033596,53.31812526
511,50.41476566,53.33886354,53.25591041
512,50.22812111,53.29738698,53.19369556
513,50.45624222,53.50476981,53.09000415
514,50.02073828,53.79510577,52.88262132
515,50.51845707,53.23517213,52.75819162
516,50.31107424,52.9033596,53.11074243
517,50.33181253,52.88262132,53.23517213
518,50.43550394,52.98631273,53.38034011
519,50.47698051,53.38034011,53.52550809
520,51.05765243,53.11074243,53.23517213
521,50.93322273,53.60846122,53.48403152
522,50.58067192,53.54624637,53.50476981
523,50.7258399,53.60846122,53.04852758
524,50.78805475,53.0277893,53.54624637
525,50.53919535,53.27664869,53.13148071
526,50.35255081,53.0277893,53.25591041
527,50.55993364,53.17295728,52.75819162
528,50.02073828,53.42181667,52.82040647
529,50.66362505,53.35960182,52.65450021
530,50.47698051,53.09000415,53.50476981
531,50.49771879,53.29738698,52.96557445
532,50.29033596,53.27664869,53.50476981
533,50.33181253,53.29738698,53.27664869
534,50.53919535,53.152219,53.23517213
535,50.26959768,53.33886354,53.50476981
536,50.45624222,52.92409788,52.92409788
537,50.37328909,53.29738698,52.84114475
538,50.26959768,53.13148071,53.21443384
539,50.43550394,53.52550809,53.152219
540,50.31107424,53.04852758,53.13148071
541,50.22812111,53.09000415,53.04852758
542,50.43550394,53.17295728,53.152219
543,50.45624222,53.152219,53.0277893
544,50.58067192,52.92409788,53.42181667
545,50.70510162,53.46329324,53.17295728
546,50.43550394,53.46329324,53.23517213
547,50.43550394,53.11074243,53.21443384
548,50.31107424,53.23517213,52.46785566
549,50.49771879,53.58772294,52.9033596
550,50.39402737,53.38034011,53.04852758
551,50.49771879,53.17295728,52.61302364
552,50.6014102,53.73289092,53.06926586
553,50.31107424,53.64993779,53.09000415
554,50.55993364,52.98631273,53.31812526
555,50.70510162,53.48403152,52.98631273
556,50.35255081,53.00705102,52.61302364
557,50.58067192,53.13148071,52.94483617
558,50.7258399,53.06926586,53.17295728
559,50.41476566,52.86188304,52.79966819
560,50.29033596,53.27664869,53.04852758
561,50.18664455,52.92409788,53.21443384
562,50.18664455,53.27664869,53.44255496
563,50.64288677,52.84114475,53.27664869
564,50.47698051,53.21443384,52.94483617
565,50.64288677,53.13148071,53.13148071
566,50.35255081,52.94483617,53.00705102
567,50.64288677,53.33886354,53.23517213
568,50.55993364,53.46329324,53.25591041
569,50.41476566,53.40107839,52.96557445
570,50.41476566,53.38034011,53.04852758
571,50.47698051,53.23517213,52.82040647
572,50.53919535,53.35960182,53.00705102
573,50.80879303,53.04852758,53.25591041
574,50.58067192,53.33886354,53.50476981
575,50.35255081,53.27664869,52.75819162
576,50.45624222,53.06926586,52.9033596
577,50.35255081,52.94483617,53.13148071
578,50.47698051,53.69141435,53.09000415
579,50.14516798,53.33886354,53.06926586
580,50.37328909,53.33886354,52.84114475
581,50.74657818,52.69597677,53.21443384
582,50.62214849,53.23517213,53.35960182
583,50.43550394,52.94483617,52.96557445
584,50.14516798,52.86188304,52.57154708
585,50.47698051,53.0277893,52.65450021
586,50,53.25591041,53.19369556
587,50.45624222,52.94483617,52.63376192
588,50.62214849,52.71671506,53.04852758
589,50.31107424,52.94483617,52.9033596
590,50.31107424,52.9033596,53.11074243
591,50.62214849,53.31812526,53.09000415
592,50.7258399,53.0277893,53.00705102
593,50.6014102,53.44255496,52.7789299
594,50.51845707,53.40107839,52.61302364
595,50.37328909,53.50476981,52.86188304
596,50.47698051,53.25591041,52.84114475
597,50.51845707,53.77436748,53.21443384
598,50.6014102,53.27664869,53.09000415
599,50.20738283,53.54624637,52.73745334
600,50.41476566,53.25591041,52.96557445
601,50.6014102,53.17295728,52.94483617
602,50.22812111,53.35960182,53.04852758
603,50.62214849,53.33886354,52.98631273
604,50.49771879,53.17295728,52.59228536
605,50.20738283,53.31812526,53.152219
606,50.45624222,52.82040647,53.152219
607,50.64288677,53.27664869,53.19369556
608,50.68436333,52.84114475,52.84114475
609,50.18664455,52.9033596,53.09000415
610,50.39402737,52.88262132,53.0277893
611,50.16590626,53.31812526,52.79966819
612,50.14516798,52.92409788,53.11074243
613,50.49771879,53.29738698,53.25591041
614,50.78805475,53.04852758,52.92409788
615,50.89174616,53.17295728,52.7789299
616,50.68436333,53.52550809,52.84114475
617,50.18664455,53.25591041,53.00705102
618,50.26959768,53.52550809,52.46785566
619,50.39402737,52.98631273,53.21443384
620,50.22812111,53.38034011,53.06926586
621,50.66362505,53.60846122,52.67523849
622,50.7258399,53.73289092,52.92409788
623,50.82953131,53.09000415,53.152219
624,50.74657818,53.23517213,53.19369556
625,50.58067192,53.35960182,52.84114475
626,50.68436333,53.31812526,53.04852758
627,50.55993364,53.23517213,52.86188304
628,50.22812111,53.21443384,52.82040647
629,49.91704687,53.54624637,52.53007051
630,50.68436333,53.56698465,53.09000415
631,50.76731647,53.52550809,53.0277893
632,50.6014102,53.33886354,52.9033596
633,50.26959768,53.44255496,52.71671506
634,50.7258399,53.40107839,52.82040647
635,50.41476566,52.96557445,53.04852758
636,50.37328909,53.17295728,52.79966819
637,50.64288677,53.42181667,53.42181667
638,50.18664455,53.31812526,53.09000415
639,50.18664455,53.23517213,53.11074243
640,50.47698051,53.25591041,52.63376192
641,50.35255081,53.152219,52.69597677
642,50.22812111,53.42181667,52.73745334
643,50.49771879,53.04852758,52.84114475
644,50.95396101,53.56698465,52.50933223
645,50.35255081,53.46329324,52.96557445
646,50.51845707,53.23517213,52.84114475
647,50.62214849,53.23517213,53.00705102
648,50.39402737,53.152219,52.7789299
649,50.64288677,52.92409788,52.69597677
650,50.22812111,53.27664869,52.84114475
651,50.97469929,53.52550809,52.75819162
652,50.6014102,53.38034011,52.82040647
653,50.8502696,53.67067607,52.69597677
654,50.64288677,53.48403152,52.59228536
655,50.6014102,53.17295728,52.98631273
656,50.20738283,53.09000415,52.84114475
657,50.37328909,53.11074243,52.94483617
658,50.43550394,53.33886354,52.84114475
659,50.49771879,53.56698465,52.59228536
660,50.35255081,53.0277893,52.61302364
661,50.37328909,52.98631273,52.92409788
662,50.26959768,53.0277893,52.23973455
663,50.1244297,53.44255496,52.53007051
664,49.93778515,53.19369556,53.0277893
665,50.22812111,53.42181667,52.71671506
666,50.1244297,53.33886354,52.61302364
667,50.47698051,53.6291995,52.84114475
668,50.24885939,53.35960182,52.75819162
669,50.43550394,53.21443384,52.32268768
670,50.24885939,52.84114475,52.79966819
671,50.20738283,53.27664869,52.67523849
672,50.31107424,53.152219,53.0277893
673,50.24885939,53.13148071,52.86188304
674,50.58067192,53.50476981,52.65450021
675,50.24885939,53.11074243,52.84114475
676,50.26959768,53.52550809,52.92409788
677,50.41476566,53.29738698,52.69597677
678,50.35255081,53.50476981,52.59228536
679,50.29033596,53.40107839,52.46785566
680,50.24885939,53.79510577,52.82040647
681,50.37328909,53.42181667,52.7789299
682,50.55993364,53.23517213,52.92409788
683,50.33181253,53.58772294,52.36416425
684,50.45624222,53.52550809,52.32268768
685,50.58067192,53.11074243,52.67523849
686,50.49771879,53.50476981,52.88262132
687,50.31107424,53.23517213,52.79966819
688,50.6014102,53.50476981,52.79966819
689,50.26959768,53.58772294,52.65450021
690,50.26959768,53.40107839,52.46785566
691,50.16590626,53.64993779,52.65450021
692,50.29033596,53.6291995,52.88262132
693,50.24885939,53.56698465,52.44711738
694,50.55993364,53.33886354,52.59228536
695,50.58067192,52.86188304,53.0277893
696,50.43550394,53.58772294,52.55080879
697,50.37328909,53.67067607,53.152219
698,50.33181253,53.33886354,52.88262132
699,50.43550394,53.91953546,53.0277893
700,50.29033596,53.67067607,53.0277893
701,50.20738283,53.29738698,52.34342596
702,50.37328909,53.77436748,52.61302364
703,50.78805475,53.64993779,52.67523849
704,50.91248445,53.56698465,52.88262132
705,50.80879303,53.33886354,52.61302364
706,50.58067192,53.48403152,53.00705102
707,50.74657818,53.23517213,53.13148071
708,50.41476566,53.56698465,52.88262132
709,50.26959768,53.60846122,52.73745334
710,50.55993364,53.67067607,52.94483617
711,50.20738283,53.23517213,53.06926586
712,50.39402737,53.48403152,52.94483617
713,50.62214849,53.35960182,53.0277893
714,50.51845707,53.77436748,53.00705102
715,50.31107424,53.60846122,52.32268768
716,50,53.0277893,53.04852758
717,50.02073828,53.33886354,52.46785566
718,50.10369141,53.58772294,53.0277893
719,50.31107424,52.88262132,52.55080879
720,50.6014102,53.17295728,52.98631273
721,50.64288677,53.27664869,52.82040647
722,50.76731647,53.64993779,52.65450021
723,50.82953131,53.64993779,53.0277893
724,50.6014102,53.42181667,52.94483617
725,50.24885939,53.0277893,53.0277893
726,50.43550394,53.50476981,52.94483617
727,50.6014102,53.60846122,52.63376192
728,50.16590626,53.67067607,53.19369556
729,50.53919535,53.35960182,52.59228536
730,50.53919535,53.50476981,52.67523849
731,50.53919535,53.27664869,52.63376192
732,49.64744919,52.38490253,52.40564081
733,49.58523434,51.90792202,52.59228536
734,49.91704687,51.94939859,52.73745334
735,49.58523434,51.99087516,52.9033596
736,49.54375778,51.80423061,52.53007051
737,49.73040232,51.82496889,52.13604314
738,49.70966404,51.78349233,52.28121112
739,49.33637495,51.53463293,52.19825798
740,49.02530071,52.01161344,52.46785566
741,49.41932808,51.94939859,52.48859394
742,49.2741601,51.7005392,52.40564081
743,48.92160929,51.51389465,51.90792202
744,49.02530071,51.67980091,51.86644546
745,49.31563667,51.53463293,51.7005392
746,49.35711323,51.30651182,52.13604314
747,49.35711323,52.09456657,52.59228536
748,49.35711323,51.59684778,52.40564081
749,49.33637495,52.03235172,52.11530485
750,49.50228121,51.65906263,52.19825798
751,49.48154293,51.7005392,52.28121112
752,49.31563667,51.90792202,51.86644546
753,49.12899212,51.76275404,51.88718374
754,49.19120697,51.53463293,51.72127748
755,49.48154293,51.72127748,52.21899627
756,49.33637495,51.05765243,51.82496889
757,49.29489838,51.49315637,51.74201576
758,49.25342182,51.86644546,51.90792202
759,49.21194525,51.67980091,51.78349233
760,49.29489838,52.03235172,51.67980091
761,48.77644131,51.78349233,51.74201576
762,49.19120697,51.74201576,51.55537122
763,49.19120697,51.84570718,51.53463293
764,48.52758192,51.55537122,51.20282041
765,48.94234757,51.63832435,51.41020324
766,49.00456242,51.30651182,51.09912899
767,48.92160929,51.67980091,51.72127748
768,48.32019909,51.53463293,51.47241808
769,48.6727499,50.76731647,51.82496889
770,48.79717959,51.18208212,51.26503526
771,48.98382414,51.07839071,51.3272501
772,48.83865616,51.01617586,51.11986727
773,48.50684363,51.3272501,50.91248445
774,49.3985898,51.7005392,51.09912899
775,49.04603899,51.49315637,51.36872667
776,49.00456242,51.26503526,50.95396101
777,48.81791788,51.07839071,51.09912899
778,49.04603899,51.20282041,51.26503526
779,49.50228121,51.7005392,51.14060556
780,48.58979676,51.43094152,51.3272501
781,48.4238905,51.24429697,51.16134384
782,48.48610535,51.49315637,51.43094152
783,48.69348818,51.20282041,51.09912899
784,48.75570303,51.3272501,51.61758606
785,48.83865616,51.72127748,51.28577354
786,48.98382414,51.74201576,51.43094152
787,48.48610535,51.26503526,50.93322273
788,48.79717959,51.63832435,50.95396101
789,48.6727499,51.51389465,50.93322273
790,48.50684363,51.28577354,51.53463293
791,48.40315222,51.28577354,51.24429697
792,48.73496474,51.41020324,50.87100788
793,48.4238905,51.20282041,51.16134384
794,48.19576939,52.01161344,50.8502696
795,48.85939444,51.28577354,50.91248445
796,48.52758192,51.14060556,50.87100788
797,49.12899212,51.24429697,51.36872667
798,48.73496474,51.20282041,51.09912899
799,48.46536707,51.34798839,51.18208212
800,48.75570303,51.65906263,50.82953131
801,48.79717959,51.34798839,50.55993364
802,48.77644131,51.36872667,50.8502696
803,48.69348818,51.14060556,50.66362505
804,48.83865616,51.28577354,50.55993364
805,48.77644131,51.36872667,50.70510162
806,48.52758192,51.24429697,50.8502696
807,48.48610535,51.5761095,50.31107424
808,48.2994608,51.09912899,50.8502696
809,48.13355454,50.91248445,50.64288677
810,47.71878888,51.05765243,50.37328909
811,48.79717959,51.09912899,50.45624222
812,48.52758192,50.91248445,50.22812111
813,47.96764828,51.20282041,50.93322273
814,48.44462878,50.99543758,50.8502696
815,47.98838656,50.99543758,50.64288677
816,48.44462878,51.20282041,50.6014102
817,48.61053505,51.01617586,50.62214849
818,47.76026545,51.05765243,50.41476566
819,48.13355454,51.03691414,50.53919535
820,48.07133969,50.95396101,50.20738283
821,48.52758192,50.93322273,50.43550394
822,48.52758192,51.61758606,50.18664455
823,48.32019909,51.14060556,50.39402737
824,48.5483202,51.59684778,50.47698051
825,48.25798424,51.51389465,50.37328909
826,48.65201161,51.22355869,50.64288677
827,48.61053505,51.36872667,50.10369141
828,48.44462878,51.4516798,50.8502696
829,47.94691,51.41020324,50.43550394
830,48.21650767,51.30651182,50.24885939
831,48.32019909,51.51389465,50.24885939
832,48.34093737,51.34798839,50.37328909
833,48.05060141,51.53463293,50.55993364
834,48.23724596,50.97469929,49.8755703
835,48.4238905,51.67980091,49.93778515
836,48.61053505,51.22355869,50.33181253
837,48.38241394,51.47241808,50.35255081
838,48.65201161,51.20282041,50.45624222
839,48.25798424,51.18208212,50.55993364
840,48.32019909,51.20282041,50.8502696
841,48.38241394,51.3272501,50.37328909
842,48.4238905,51.03691414,50.35255081
843,48.2994608,51.47241808,50.22812111
844,48.32019909,51.09912899,49.85483202
845,48.13355454,50.6014102,50.26959768
846,48.56905848,51.20282041,50.49771879
847,48.40315222,50.99543758,50.33181253
848,48.58979676,51.22355869,50.31107424
849,48.09207798,51.47241808,50.64288677
850,48.02986313,50.95396101,50.53919535
851,48.23724596,50.97469929,50.04147657
852,48.46536707,50.66362505,50.10369141
853,48.38241394,50.99543758,50.49771879
854,48.00912484,51.09912899,50.47698051
855,48.58979676,50.87100788,50.41476566
856,47.86395686,51.01617586,50.16590626
857,48.40315222,51.34798839,50
858,48.17503111,50.78805475,50.16590626
859,47.90543343,50.93322273,50.31107424
860,47.86395686,51.28577354,50.31107424
861,48.5483202,51.30651182,50.04147657
862,48.27872252,51.4516798,50.26959768
863,48.34093737,50.82953131,50.87100788
864,48.36167565,51.07839071,50.22812111
865,48.07133969,50.64288677,50.18664455
866,48.19576939,51.47241808,50.1244297
867,48.34093737,51.30651182,50.06221485
868,47.84321858,51.09912899,49.95852343
869,47.65657404,50.78805475,50.26959768
870,47.46992949,50.91248445,50.41476566
871,47.96764828,50.74657818,50
872,48.07133969,50.8502696,49.95852343
873,48.46536707,50.68436333,50.53919535
874,48.36167565,51.22355869,50.14516798
875,48.2994608,50.95396101,50.24885939
876,48.15429282,51.20282041,50.37328909
877,48.13355454,50.99543758,49.75114061
878,47.90543343,51.09912899,50.31107424
879,48.15429282,51.14060556,50.43550394
880,48.07133969,50.58067192,49.83409374
881,48.48610535,51.01617586,49.44006636
882,47.94691,51.14060556,50.02073828
883,48.52758192,51.30651182,49.66818747
884,47.94691,51.24429697,50.08295313
885,47.65657404,51.03691414,50.02073828
886,48.15429282,50.80879303,49.83409374
887,48.36167565,51.03691414,49.97926172
888,47.67731232,50.93322273,50.14516798
889,48.44462878,50.89174616,49.46080465
890,48.44462878,50.68436333,49.81335545
891,48.19576939,51.30651182,49.79261717
892,48.02986313,50.7258399,49.54375778
893,48.40315222,51.14060556,49.52301949
894,48.05060141,51.11986727,50.02073828
895,48.19576939,51.24429697,49.95852343
896,48.05060141,50.51845707,49.58523434
897,48.21650767,50.91248445,49.95852343
898,48.19576939,50.91248445,50
899,47.92617171,51.05765243,50.22812111
900,47.96764828,50.82953131,49.83409374
901,48.15429282,51.18208212,50.16590626
902,47.94691,51.01617586,50.04147657
903,47.46992949,50.7258399,49.8755703
904,47.86395686,51.09912899,49.64744919
905,48.15429282,50.66362505,49.44006636
906,47.76026545,51.18208212,49.73040232
907,48.13355454,50.89174616,49.91704687
908,47.71878888,50.91248445,49.95852343
909,47.73952717,50.70510162,49.81335545
910,48.07133969,51.20282041,49.56449606
911,48.02986313,50.91248445,49.62671091
912,47.26254666,51.22355869,49.21194525
913,47.30402323,50.68436333,50.18664455
914,47.6980506,51.05765243,49.52301949
915,48.05060141,51.14060556,49.44006636
916,48.11281626,51.34798839,49.2741601
917,47.78100373,51.18208212,49.60597263
918,47.71878888,50.8502696,48.92160929
919,47.49066777,50.8502696,49.1497304
920,47.8224803,50.80879303,49.62671091
921,47.65657404,50.47698051,49.66818747
922,47.90543343,51.11986727,48.58979676
923,47.92617171,51.05765243,49.2741601
924,48.11281626,50.91248445,49.29489838
925,47.40771464,50.64288677,49.37785151
926,47.65657404,50.7258399,49.64744919
927,47.76026545,50.80879303,49.77187889
928,47.88469515,51.34798839,49.48154293
929,47.78100373,51.18208212,50.1244297
930,47.65657404,51.24429697,49.35711323
931,48.27872252,50.47698051,49.35711323
932,47.5736209,51.26503526,49.31563667
933,47.36623808,50.93322273,49.46080465
934,47.55288262,51.03691414,49.37785151
935,47.30402323,50.93322273,49.52301949
936,47.71878888,50.64288677,49.33637495
937,47.24180838,50.53919535,49.50228121
938,47.51140606,50.8502696,50.26959768
939,47.34549979,51.24429697,50.02073828
940,47.44919121,51.26503526,49.66818747
941,47.71878888,51.20282041,49.37785151
942,48.02986313,51.16134384,49.48154293
943,47.40771464,51.36872667,49.50228121
944,47.46992949,50.93322273,49.33637495
945,47.8224803,50.82953131,49.44006636
946,47.42845292,51.30651182,49.44006636
947,47.63583575,51.09912899,49.19120697
948,47.73952717,51.03691414,48.71422646
949,47.40771464,51.05765243,49.31563667
950,47.88469515,50.66362505,49.33637495
951,47.40771464,51.34798839,48.88013273
952,47.63583575,50.97469929,49.52301949
953,47.88469515,50.95396101,49.10825384
954,47.80174202,51.18208212,49.35711323
955,47.55288262,51.16134384,49.1497304
956,47.2210701,50.41476566,49.19120697
957,47.80174202,50.6014102,49.02530071
958,47.61509747,50.55993364,48.96308586
959,47.65657404,50.66362505,49.08751555
960,47.96764828,51.07839071,48.71422646
961,47.92617171,50.89174616,48.83865616
962,47.65657404,50.95396101,49.00456242
963,47.98838656,51.14060556,48.92160929
964,47.5736209,50.87100788,49.06677727
965,47.40771464,50.91248445,49.23268353
966,47.73952717,50.80879303,49.06677727
967,47.65657404,51.16134384,49.04603899
968,47.49066777,50.80879303,48.83865616
969,47.40771464,50.93322273,48.96308586
970,47.61509747,50.64288677,49.06677727
971,47.63583575,50.68436333,49.31563667
972,47.94691,50.74657818,49.21194525
973,47.30402323,50.95396101,49.48154293
974,47.73952717,50.87100788,49.06677727
975,47.86395686,51.07839071,48.96308586
976,47.8224803,51.24429697,48.69348818
977,47.94691,51.34798839,48.88013273
978,47.49066777,50.95396101,48.90087101
979,47.36623808,50.91248445,49.29489838
980,47.38697636,50.49771879,49.12899212
981,47.90543343,50.82953131,49.00456242
982,47.92617171,51.03691414,48.69348818
983,47.6980506,51.11986727,49.35711323
984,47.90543343,50.70510162,48.50684363
985,47.8224803,50.66362505,48.81791788
986,46.76482787,50.95396101,48.77644131
987,47.32476151,50.49771879,48.75570303
988,47.24180838,50.47698051,48.5483202
989,47.46992949,50.6014102,48.36167565
990,47.51140606,51.20282041,48.83865616
991,47.40771464,51.07839071,48.71422646
992,47.36623808,51.11986727,48.79717959
993,47.53214434,50.33181253,49.52301949
994,47.07590212,50.43550394,49.23268353
995,47.24180838,50.89174616,48.58979676
996,47.26254666,50.80879303,49.08751555
997,47.65657404,50.62214849,48.98382414
998,47.98838656,51.09912899,48.73496474
999,47.38697636,51.03691414,49.04603899
1000,47.05516383,50.76731647,49.08751555
1001,47.65657404,50.51845707,49.04603899
1002,47.46992949,50.97469929,49.12899212
1003,47.46992949,50.49771879,49.12899212
1004,47.34549979,50.64288677,49.23268353
1005,47.2210701,50.47698051,48.46536707
1006,47.42845292,51.30651182,49.12899212
1007,48.02986313,50.97469929,48.79717959
1008,47.49066777,50.97469929,48.65201161
1009,47.13811696,51.34798839,48.05060141
1010,47.26254666,51.03691414,48.96308586
1011,47.49066777,50.89174616,49.04603899
1012,47.49066777,51.20282041,48.96308586
1013,47.11737868,51.18208212,48.65201161
1014,47.34549979,50.97469929,48.27872252
1015,47.53214434,51.01617586,48.15429282
1016,47.44919121,50.95396101,48.79717959
1017,47.0966404,50.8502696,48.94234757
1018,47.03442555,50.6014102,48.5483202
1019,47.59435919,51.01617586,48.69348818
1020,47.01368727,50.78805475,48.98382414
1021,47.13811696,50.8502696,49.17046869
1022,47.17959353,51.05765243,49.10825384
1023,47.88469515,50.49771879,49.02530071
1024,47.42845292,50.91248445,48.65201161
1025,47.11737868,50.78805475,48.58979676
1026,47.32476151,50.45624222,48.92160929
1027,47.0966404,50.7258399,48.21650767
1028,47.36623808,51.03691414,48.88013273
1029,47.42845292,50.49771879,48.4238905
1030,47.88469515,50.64288677,48.32019909
1031,47.34549979,50.78805475,48.63127333
1032,47.65657404,50.97469929,48.38241394
1033,47.32476151,51.03691414,48.48610535
1034,47.26254666,50.78805475,48.85939444
1035,47.20033181,50.89174616,48.46536707
1036,47.46992949,50.70510162,49.19120697
1037,47.13811696,50.51845707,48.96308586
1038,47.42845292,50.66362505,48.58979676
1039,47.03442555,50.62214849,48.65201161
1040,46.88925757,50.78805475,49.06677727
1041,47.26254666,51.03691414,48.69348818
1042,47.20033181,50.70510162,48.50684363
1043,46.847781,51.14060556,48.52758192
1044,46.86851929,50.53919535,49.12899212
1045,47.11737868,50.93322273,48.56905848
1046,47.03442555,50.76731647,48.21650767
1047,47.13811696,50.7258399,48.50684363
1048,47.15885525,51.03691414,48.5483202
1049,47.30402323,51.03691414,48.5483202
1050,47.0966404,51.03691414,48.27872252
1051,47.0966404,51.16134384,48.50684363
1052,46.99294898,50.58067192,48.4238905
1053,47.40771464,50.47698051,47.96764828
1054,47.40771464,50.6014102,48.52758192
1055,47.28328494,50.8502696,47.94691
1056,46.86851929,50.49771879,47.90543343
1057,47.73952717,50.74657818,48.56905848
1058,47.01368727,51.18208212,48.4238905
1059,47.51140606,50.99543758,48.07133969
1060,46.90999585,50.68436333,48.44462878
1061,47.24180838,51.09912899,48.19576939
1062,46.847781,50.58067192,48.5483202
1063,46.99294898,50.53919535,48.2994608
1064,46.61965989,50.89174616,48.07133969
1065,47.2210701,50.82953131,47.94691
1066,47.07590212,51.07839071,48.23724596
1067,46.9722107,50.93322273,48.19576939
1068,47.34549979,50.62214849,48.13355454
1069,47.13811696,50.39402737,48.07133969
1070,47.15885525,50.74657818,48.48610535
1071,46.86851929,50.76731647,48.46536707
1072,47.49066777,51.30651182,48.4238905
1073,46.99294898,50.89174616,48.4238905
1074,47.71878888,50.64288677,48.15429282
1075,47.17959353,50.58067192,48.21650767
1076,47.42845292,50.62214849,48.09207798
1077,47.30402323,50.82953131,47.88469515
1078,47.30402323,50.95396101,48.63127333
1079,46.78556616,50.87100788,47.98838656
1080,46.64039818,50.66362505,48.02986313
1081,46.99294898,50.49771879,48.02986313
1082,46.57818333,50.20738283,48.21650767
1083,47.07590212,50.45624222,47.92617171
1084,46.82704272,50.55993364,47.6980506
1085,46.68187474,50.78805475,48.36167565
1086,46.88925757,50.80879303,48.07133969
1087,47.01368727,50.74657818,48.02986313
1088,46.847781,50.47698051,47.90543343
1089,46.82704272,50.16590626,48.27872252
1090,46.82704272,50.26959768,48.23724596
1091,47.38697636,50.7258399,48.25798424
1092,47.03442555,50.68436333,48.63127333
1093,46.88925757,50.78805475,47.98838656
1094,46.90999585,50.7258399,48.6727499
1095,46.59892161,50.22812111,48.25798424
1096,47.20033181,49.56449606,48.38241394
1097,46.86851929,48.85939444,46.05972625
1098,46.80630444,48.71422646,46.76482787
1099,46.90999585,49.10825384,46.88925757
1100,46.74408959,48.98382414,46.1219411
1101,46.78556616,48.48610535,46.49523019
1102,46.9722107,48.98382414,46.66113646
1103,46.74408959,48.63127333,46.82704272
1104,46.68187474,48.56905848,46.08046454
1105,46.2463708,48.81791788,45.97677312
1106,46.82704272,48.85939444,46.16341767
1107,46.80630444,48.90087101,46.32932393
1108,47.11737868,48.73496474,45.91455827
1109,46.47449191,48.75570303,45.70717545
1110,46.76482787,48.69348818,45.89381999
1111,46.80630444,48.90087101,46.47449191
1112,46.3708005,48.44462878,46.20489423
1113,46.28784737,48.81791788,46.45375363
1114,46.20489423,48.88013273,46.2463708
1115,46.41227706,48.46536707,45.81086686
1116,46.18415595,48.50684363,45.35462464
1117,45.6449606,48.69348818,45.91455827
1118,46.01824969,48.90087101,45.89381999
1119,45.99751141,48.63127333,46.2463708
1120,46.18415595,48.21650767,45.97677312
1121,45.74865201,48.48610535,45.83160514
1122,45.83160514,48.27872252,46.26710908
1123,46.1219411,48.4238905,45.83160514
1124,45.91455827,48.44462878,45.54126918
1125,45.97677312,47.71878888,45.76939029
1126,45.93529656,48.21650767,45.91455827
1127,45.93529656,48.32019909,45.68643716
1128,45.60348403,48.4238905,45.95603484
1129,45.81086686,48.13355454,45.56200747
1130,46.18415595,47.5736209,45.29240979
1131,45.97677312,48.23724596,45.43757777
1132,45.35462464,48.13355454,45.47905433
1133,45.12650353,48.07133969,45.97677312
1134,45.16798009,48.09207798,45.43757777
1135,45.6449606,47.73952717,45.31314807
1136,45.60348403,47.6980506,45.41683949
1137,45.60348403,47.8224803,45.5205309
1138,45.27167151,47.88469515,45.5205309
1139,45.74865201,47.61509747,45.87308171
1140,45.45831605,47.65657404,45.58274575
1141,45.54126918,47.8224803,45.20945666
1142,45.25093322,47.32476151,45.6449606
1143,45.25093322,47.8224803,45.16798009
1144,45.5205309,47.78100373,45.04355039
1145,45.49979262,47.98838656,45.14724181
1146,45.20945666,47.76026545,45.23019494
1147,44.69099959,47.59435919,45.60348403
1148,45.56200747,47.42845292,45.06428868
1149,44.98133555,47.55288262,44.96059726
1150,45.00207383,47.55288262,45.79012858
1151,44.81542928,47.59435919,45.27167151
1152,45.02281211,47.76026545,45.04355039
1153,45.02281211,47.6980506,45.06428868
1154,44.69099959,46.70261302,45.29240979
1155,44.69099959,47.46992949,45.33388635
1156,45.35462464,47.20033181,45.35462464
1157,44.40066363,47.26254666,45.16798009
1158,44.69099959,47.42845292,45.31314807
1159,45.27167151,47.28328494,44.9191207
1160,45.16798009,47.28328494,44.87764413
1161,44.98133555,47.46992949,45.00207383
1162,44.81542928,46.74408959,45.58274575
1163,44.98133555,46.90999585,44.9191207
1164,45.08502696,46.86851929,44.89838241
1165,45.23019494,46.88925757,45.23019494
1166,44.25549564,46.76482787,44.58730817
1167,44.93985898,46.72335131,45.00207383
1168,44.81542928,46.57818333,45.62422231
1169,45.06428868,46.78556616,45.16798009
1170,45.37536292,46.20489423,45.16798009
1171,44.89838241,46.847781,45.33388635
1172,44.56656989,46.74408959,44.08958938
1173,44.60804645,46.72335131,45.04355039
1174,44.40066363,46.51596848,44.75321443
1175,44.6702613,47.20033181,45.00207383
1176,44.98133555,46.78556616,45.20945666
1177,44.83616757,46.64039818,45.10576524
1178,44.93985898,46.3708005,44.87764413
1179,44.37992534,46.76482787,44.6702613
1180,44.794691,46.57818333,44.98133555
1181,44.40066363,46.70261302,44.75321443
1182,44.40066363,46.32932393,44.71173787
1183,44.15180423,46.57818333,44.44214019
1184,44.35918706,46.51596848,44.73247615
1185,43.90294484,46.32932393,44.46287847
1186,44.23475736,46.18415595,44.93985898
1187,43.9444214,46.41227706,44.9191207
1188,44.21401908,46.35006221,44.60804645
1189,44.56656989,46.20489423,44.50435504
1190,44.08958938,45.87308171,44.69099959
1191,44.1932808,46.49523019,44.73247615
1192,44.15180423,46.47449191,44.62878474
1193,44.25549564,46.26710908,44.33844878
1194,44.00663625,46.3708005,44.27623393
1195,44.40066363,46.45375363,44.29697221
1196,44.40066363,46.01824969,44.69099959
1197,43.61260888,46.2463708,44.31771049
1198,43.73703857,46.47449191,44.33844878
1199,44.17254251,46.2463708,44.35918706
1200,43.77851514,45.76939029,44.44214019
1201,43.9444214,45.72791373,44.77395272
1202,43.90294484,46.18415595,44.25549564
1203,44.0688511,46.30858565,44.13106595
1204,43.67482372,45.62422231,44.50435504
1205,43.65408544,45.74865201,44.58730817
1206,43.90294484,45.91455827,44.13106595
1207,43.50891746,45.62422231,43.92368312
1208,43.57113231,46.01824969,44.44214019
1209,44.11032766,45.89381999,43.98589797
1210,44.71173787,46.39153878,44.52509332
1211,43.4674409,46.20489423,44.00663625
1212,43.44670261,45.91455827,44.33844878
1213,43.77851514,46.18415595,44.40066363
1214,43.77851514,45.97677312,44.6702613
1215,44.04811282,45.5205309,44.27623393
1216,43.92368312,46.20489423,44.13106595
1217,43.3430112,45.93529656,44.37992534
1218,43.69556201,46.20489423,44.50435504
1219,43.44670261,45.47905433,44.21401908
1220,43.48817918,45.41683949,44.40066363
1221,43.50891746,45.68643716,44.25549564
1222,43.05267524,45.47905433,44.85690585
1223,43.40522605,45.41683949,44.46287847
1224,42.88676898,45.3961012,44.42140191
1225,43.4674409,45.33388635,44.6702613
1226,43.19784322,44.98133555,44.50435504
1227,43.15636665,45.41683949,44.52509332
1228,43.52965574,44.75321443,43.98589797
1229,43.38448776,45.5205309,43.48817918
1230,43.42596433,44.87764413,44.25549564
1231,43.05267524,45.35462464,43.79925342
1232,43.30153463,45.66569888,43.73703857
1233,43.17710494,44.83616757,44.35918706
1234,42.741601,44.96059726,43.84072999
1235,43.79925342,45.29240979,44.15180423
1236,43.03193696,45.49979262,43.77851514
1237,43.05267524,45.31314807,44.1932808
1238,43.65408544,45.18871837,44.02737453
1239,43.57113231,44.98133555,43.77851514
1240,42.88676898,44.83616757,43.17710494
1241,43.48817918,44.75321443,43.3430112
1242,43.52965574,44.98133555,44.15180423
1243,43.17710494,45.29240979,43.9444214
1244,43.17710494,44.71173787,43.98589797
1245,43.57113231,44.75321443,44.00663625
1246,43.03193696,44.37992534,44.02737453
1247,43.19784322,45.06428868,43.8199917
1248,43.03193696,45.33388635,43.44670261
1249,43.13562837,44.73247615,44.00663625
1250,43.57113231,44.6702613,43.8199917
1251,43.50891746,44.73247615,43.71630029
1252,42.84529241,44.35918706,43.67482372
1253,42.99046039,44.83616757,43.48817918
1254,42.70012443,45.00207383,43.75777686
1255,43.0941518,44.17254251,43.61260888
1256,42.70012443,44.98133555,43.79925342
1257,42.90750726,44.71173787,43.86146827
1258,42.99046039,44.83616757,43.75777686
1259,42.88676898,44.73247615,43.84072999
1260,42.80381584,44.73247615,43.98589797
1261,42.47200332,44.21401908,43.79925342
1262,43.0941518,44.71173787,44.27623393
1263,43.03193696,44.69099959,43.63334716
1264,42.84529241,44.83616757,43.92368312
1265,43.0941518,44.96059726,43.96515968
1266,42.67938615,44.00663625,44.13106595
1267,43.11489009,44.50435504,44.23475736
1268,42.59643302,44.44214019,43.98589797
1269,42.94898382,43.96515968,43.77851514
1270,42.59643302,44.08958938,44.44214019
1271,42.53421817,44.77395272,43.88220655
1272,42.16092908,44.58730817,43.52965574
1273,42.741601,44.83616757,44.04811282
1274,42.72086271,44.23475736,43.0941518
1275,42.96972211,43.88220655,43.05267524
1276,43.19784322,44.42140191,43.26005807
1277,42.53421817,44.44214019,43.44670261
1278,42.741601,44.44214019,43.26005807
1279,42.96972211,44.25549564,43.48817918
1280,42.51347988,44.25549564,43.32227292
1281,42.51347988,44.1932808,44.00663625
1282,42.84529241,44.46287847,43.40522605
1283,42.88676898,44.02737453,43.50891746
1284,42.63790958,44.0688511,43.73703857
1285,42.92824554,44.08958938,43.32227292
1286,42.6171713,44.08958938,43.36374948
1287,42.59643302,43.88220655,43.13562837
1288,42.6171713,44.23475736,43.28079635
1289,42.70012443,43.98589797,42.82455413
1290,42.14019079,44.794691,42.86603069
1291,42.34757362,44.27623393,42.86603069
1292,42.80381584,44.02737453,43.57113231
1293,42.76233928,43.88220655,43.2185815
1294,42.51347988,43.9444214,42.88676898
1295,42.67938615,44.23475736,43.05267524
1296,42.72086271,43.77851514,43.3430112
1297,42.51347988,43.4674409,43.28079635
1298,42.4927416,43.90294484,43.3430112
1299,42.43052675,44.21401908,43.44670261
1300,42.38905019,43.73703857,43.05267524
1301,42.86603069,43.98589797,42.55495645
1302,42.67938615,43.84072999,43.0941518
1303,42.88676898,43.57113231,42.3683119
1304,42.05723766,43.61260888,43.19784322
1305,42.24388221,43.23931978,43.30153463
1306,42.38905019,43.55039403,43.50891746
1307,42.34757362,43.86146827,42.99046039
1308,42.76233928,43.65408544,43.07341352
1309,42.03649938,43.96515968,43.2185815
1310,42.6171713,44.31771049,43.48817918
1311,42.16092908,44.17254251,43.19784322
1312,41.99502281,43.50891746,43.15636665
1313,42.22314392,43.61260888,42.92824554
1314,42.55495645,43.57113231,42.59643302
1315,42.28535877,43.8199917,42.45126504
1316,42.30609706,43.57113231,42.57569473
1317,42.59643302,43.52965574,42.16092908
1318,42.20240564,43.07341352,42.88676898
1319,42.11945251,43.0941518,43.05267524
1320,42.45126504,43.28079635,43.07341352
1321,41.66321029,43.48817918,43.11489009
1322,42.07797594,42.92824554,43.13562837
1323,41.35213604,43.13562837,43.30153463
1324,41.78763998,42.99046039,43.07341352
1325,41.7669017,43.36374948,42.70012443
1326,42.07797594,43.19784322,43.05267524
1327,41.41435089,43.73703857,42.63790958
1328,41.97428453,43.40522605,42.70012443
1329,42.22314392,43.19784322,42.11945251
1330,41.82911655,43.42596433,42.741601
1331,41.97428453,43.69556201,42.40978847
1332,42.16092908,43.52965574,42.55495645
1333,41.70468685,42.72086271,42.34757362
1334,41.53878059,43.67482372,43.23931978
1335,41.91206968,43.71630029,42.741601
1336,41.49730402,43.36374948,42.70012443
1337,41.58025715,42.90750726,42.03649938
1338,41.60099544,43.4674409,42.45126504
1339,42.05723766,42.94898382,42.6171713
1340,41.99502281,42.84529241,42.26462049
1341,41.62173372,42.80381584,42.55495645
1342,41.8913314,42.78307756,42.88676898
1343,41.72542513,42.96972211,42.28535877
1344,41.53878059,42.53421817,42.741601
1345,41.82911655,42.80381584,42.76233928
1346,41.8913314,42.99046039,42.72086271
1347,41.95354625,42.94898382,42.47200332
1348,41.51804231,42.86603069,42.38905019
1349,41.37287433,43.26005807,43.15636665
1350,41.93280796,42.78307756,42.84529241
1351,41.72542513,42.67938615,42.92824554
1352,41.68394857,42.96972211,42.51347988
1353,41.80837827,42.96972211,42.45126504
1354,41.87059311,43.15636665,42.45126504
1355,41.72542513,43.05267524,42.45126504
1356,41.45582746,42.88676898,42.22314392
1357,41.66321029,43.17710494,42.78307756
1358,41.55951887,43.13562837,42.45126504
1359,41.74616342,43.17710494,42.70012443
1360,41.72542513,43.26005807,42.72086271
1361,41.37287433,42.90750726,42.32683534
1362,41.55951887,43.03193696,42.16092908
1363,41.82911655,42.90750726,42.11945251
1364,41.8913314,42.67938615,42.63790958
1365,41.22770635,42.90750726,42.45126504
1366,41.74616342,42.741601,42.14019079
1367,41.642472,43.15636665,42.45126504
1368,41.642472,42.80381584,42.51347988
1369,41.43508917,42.6171713,42.24388221
1370,41.60099544,43.0941518,42.51347988
1371,41.62173372,42.3683119,42.63790958
1372,41.37287433,42.78307756,42.32683534
1373,41.74616342,42.6171713,42.18166736
1374,41.43508917,42.90750726,41.7669017
1375,41.22770635,42.741601,41.84985483
1376,42.14019079,42.88676898,42.63790958
1377,41.72542513,42.94898382,42.18166736
1378,41.20696806,42.65864786,42.47200332
1379,41.33139776,42.78307756,42.59643302
1380,40.95810867,42.55495645,42.3683119
1381,41.41435089,43.05267524,42.38905019
1382,41.39361261,42.59643302,41.84985483
1383,40.81294069,42.28535877,41.68394857
1384,41.91206968,42.67938615,42.05723766
1385,41.39361261,42.03649938,41.87059311
1386,40.4396516,42.28535877,42.43052675
1387,41.33139776,41.95354625,42.24388221
1388,40.85441725,42.70012443,41.95354625
1389,41.12401493,42.38905019,42.24388221
1390,41.18622978,42.3683119,42.05723766
1391,41.39361261,42.34757362,42.20240564
1392,40.60555786,42.47200332,42.20240564
1393,40.75072584,42.63790958,41.91206968
1394,41.49730402,42.4927416,42.01576109
1395,41.45582746,41.93280796,42.16092908
1396,41.12401493,42.20240564,42.43052675
1397,41.14475321,42.24388221,41.70468685
1398,41.02032352,41.99502281,42.01576109
1399,41.18622978,41.97428453,41.99502281
1400,40.87515554,41.7669017,42.09871423
1401,41.20696806,42.30609706,41.51804231
1402,40.95810867,42.63790958,42.24388221
1403,41.0410618,42.26462049,42.11945251
1404,40.93737039,41.78763998,42.43052675
1405,40.39817503,41.84985483,41.7669017
1406,41.02032352,42.28535877,41.97428453
1407,41.06180008,42.59643302,41.60099544
1408,41.20696806,42.01576109,41.37287433
1409,40.41891331,41.93280796,41.49730402
1410,40.99958523,42.45126504,42.01576109
1411,40.58481958,42.55495645,41.62173372
1412,40.56408129,42.14019079,41.66321029
1413,41.1654915,42.24388221,41.51804231
1414,40.85441725,41.8913314,41.74616342
1415,40.70924927,42.01576109,41.642472
1416,41.14475321,41.72542513,42.26462049
1417,41.22770635,41.95354625,41.58025715
1418,40.27374533,41.74616342,42.80381584
1419,40.95810867,42.07797594,42.05723766
1420,40.99958523,41.99502281,41.8913314
1421,41.20696806,41.97428453,41.37287433
1422,40.87515554,41.84985483,41.91206968
1423,40.93737039,41.91206968,42.03649938
1424,40.77146412,41.99502281,42.11945251
1425,40.52260473,42.34757362,41.99502281
1426,40.56408129,42.05723766,42.07797594
1427,40.93737039,42.14019079,42.14019079
1428,40.83367897,41.55951887,41.7669017
1429,40.39817503,41.93280796,42.01576109
1430,40.46038988,42.03649938,41.55951887
1431,40.70924927,41.62173372,41.80837827
1432,40.62629614,41.78763998,41.55951887
1433,40.85441725,41.60099544,41.49730402
1434,41.02032352,41.60099544,41.45582746
1435,41.18622978,41.58025715,41.66321029
1436,41.08253837,41.84985483,41.24844463
1437,40.58481958,41.66321029,41.26918291
1438,40.9166321,41.43508917,41.12401493
1439,40.83367897,41.642472,41.7669017
1440,41.10327665,41.08253837,42.09871423
1441,40.99958523,41.33139776,41.26918291
1442,40.35669847,41.08253837,41.58025715
1443,40.68851099,41.43508917,41.84985483
1444,40.48112816,41.99502281,41.41435089
1445,40.81294069,41.60099544,41.24844463
1446,40.25300705,41.87059311,41.53878059
1447,40.4396516,41.31065948,41.45582746
1448,40.56408129,41.41435089,41.60099544
1449,40.3152219,41.78763998,41.24844463
1450,40.56408129,41.84985483,41.68394857
1451,40.46038988,41.91206968,41.84985483
1452,40.4396516,41.58025715,42.05723766
1453,40.58481958,41.66321029,41.26918291
1454,40.93737039,41.78763998,41.49730402
1455,40.75072584,41.60099544,41.24844463
1456,40.39817503,41.18622978,41.68394857
1457,40.10783907,41.22770635,41.39361261
1458,40.33596018,41.26918291,41.99502281
1459,40.77146412,40.99958523,41.68394857
1460,40.50186645,40.97884695,41.47656574
1461,40.54334301,41.66321029,41.8913314
1462,40.75072584,41.62173372,41.53878059
1463,40.64703443,40.87515554,41.58025715
1464,40.54334301,41.18622978,41.68394857
1465,40.87515554,41.18622978,41.12401493
1466,40.25300705,40.9166321,40.93737039
1467,40.64703443,40.83367897,40.9166321
1468,40.10783907,41.33139776,41.55951887
1469,40.50186645,40.72998756,41.35213604
1470,40.46038988,41.08253837,41.47656574
1471,40.17005392,40.66777271,41.87059311
1472,40.52260473,40.95810867,41.10327665
1473,40.56408129,40.64703443,41.12401493
1474,40.04562422,41.26918291,41.72542513
1475,40.33596018,41.02032352,41.60099544
1476,40.54334301,41.14475321,41.1654915
1477,40.39817503,41.02032352,41.24844463
1478,39.90045624,40.72998756,40.95810867
1479,40.04562422,40.72998756,40.93737039
1480,40.02488594,41.28992119,41.06180008
1481,40.1907922,40.87515554,41.14475321
1482,40.21153049,41.14475321,41.31065948
1483,40.23226877,41.33139776,40.89589382
1484,40.46038988,41.02032352,40.93737039
1485,40.17005392,41.06180008,41.0410618
1486,39.90045624,40.75072584,41.14475321
1487,40.08710079,41.14475321,41.45582746
1488,40.52260473,41.06180008,41.02032352
1489,40.17005392,40.75072584,41.642472
1490,39.94193281,41.1654915,41.58025715
1491,40.60555786,40.62629614,41.49730402
1492,40.00414766,41.0410618,41.18622978
1493,40.62629614,40.62629614,41.08253837
1494,40.52260473,40.33596018,41.58025715
1495,40.06636251,40.4396516,41.47656574
1496,39.50642887,40.81294069,41.39361261
1497,39.79676483,40.93737039,41.22770635
1498,40.81294069,40.54334301,41.12401493
1499,40.04562422,40.39817503,41.45582746
1500,40.23226877,40.58481958,41.28992119
1501,40.25300705,40.50186645,41.22770635
1502,40.08710079,40.99958523,41.47656574
1503,40.04562422,40.56408129,41.24844463
1504,40.54334301,40.99958523,41.33139776
1505,40.29448362,40.37743675,41.24844463
1506,39.92119453,40.66777271,40.81294069
1507,40.33596018,40.41891331,41.39361261
1508,39.7138117,40.54334301,41.35213604
1509,40.10783907,40.39817503,41.10327665
1510,39.77602655,40.3152219,41.39361261
1511,39.56864372,40.66777271,40.89589382
1512,40.25300705,40.72998756,40.72998756
1513,39.56864372,40.62629614,40.87515554
1514,39.44421402,40.64703443,41.08253837
1515,40.1907922,41.0410618,41.14475321
1516,39.77602655,40.77146412,41.12401493
1517,39.40273745,41.0410618,41.12401493
1518,39.4649523,40.52260473,41.10327665
1519,39.36126089,40.58481958,40.81294069
1520,39.77602655,40.29448362,40.75072584
1521,40.04562422,40.60555786,40.99958523
1522,39.90045624,40.66777271,40.87515554
1523,39.69307341,41.20696806,40.97884695
1524,39.56864372,40.33596018,41.1654915
1525,39.38199917,40.72998756,41.02032352
1526,39.77602655,40.85441725,41.49730402
1527,40.00414766,40.85441725,40.87515554
1528,39.83824139,40.08710079,41.37287433
1529,39.65159685,40.64703443,40.72998756
1530,40.10783907,40.70924927,41.02032352
1531,39.87971796,40.52260473,40.50186645
1532,39.52716715,40.25300705,40.29448362
1533,39.87971796,40.9166321,40.83367897
1534,40.12857735,40.3152219,40.72998756
1535,40.17005392,40.85441725,40.77146412
1536,39.90045624,40.50186645,40.9166321
1537,39.54790543,40.97884695,41.08253837
1538,39.44421402,40.3152219,40.60555786
1539,39.25756947,40.37743675,40.89589382
1540,39.83824139,40.3152219,40.4396516
1541,39.589382,40.4396516,40.48112816
1542,39.3405226,40.72998756,40.75072584
1543,39.42347574,40.41891331,40.46038988
1544,39.69307341,40.35669847,41.02032352
1545,39.85897968,40.60555786,40.87515554
1546,39.31978432,40.08710079,40.64703443
1547,39.92119453,40.56408129,41.08253837
1548,39.40273745,40.46038988,40.95810867
1549,39.31978432,40.72998756,40.99958523
1550,39.589382,40.14931564,40.89589382
1551,38.94649523,40.4396516,40.46038988
1552,39.42347574,40.79220241,40.9166321
1553,39.83824139,40.79220241,41.35213604
1554,39.27830776,40.46038988,40.97884695
1555,39.90045624,40.54334301,40.87515554
1556,39.38199917,40.06636251,40.87515554
1557,39.48569058,40.39817503,40.97884695
1558,39.90045624,40.50186645,40.58481958
1559,39.50642887,40.37743675,40.75072584
1560,39.73454998,40.3152219,40.72998756
1561,39.61012028,40.33596018,40.64703443
1562,39.09166321,40.27374533,40.64703443
1563,39.56864372,40.48112816,40.79220241
1564,39.73454998,40.21153049,41.06180008
1565,38.84280382,40.21153049,40.60555786
1566,39.19535462,40.54334301,40.87515554
1567,39.38199917,40.48112816,40.56408129
1568,39.63085856,40.27374533,40.62629614
1569,39.4649523,40.46038988,41.0410618
1570,39.50642887,40.29448362,40.60555786
1571,38.65615927,40.35669847,40.29448362
1572,39.3405226,39.98340937,40.87515554
1573,39.13313978,40.14931564,40.75072584
1574,39.67233513,40.08710079,40.48112816
1575,39.50642887,40.3152219,40.83367897
1576,39.67233513,40.10783907,40.62629614
1577,39.73454998,39.77602655,40.4396516
1578,39.7138117,39.73454998,40.77146412
1579,39.3405226,40.68851099,41.33139776
1580,39.589382,40.48112816,41.02032352
1581,39.00871008,40.50186645,41.02032352
1582,38.94649523,40.02488594,40.77146412
1583,39.48569058,40.23226877,40.68851099
1584,39.65159685,39.87971796,40.72998756
1585,39.17461634,39.98340937,40.56408129
1586,38.78058897,40.02488594,39.87971796
1587,38.49025301,39.96267109,40.64703443
1588,38.90501866,39.90045624,40.66777271
1589,38.9879718,40.02488594,40.33596018
1590,39.31978432,40.35669847,40.87515554
1591,39.52716715,40.3152219,40.27374533
1592,38.96723351,39.52716715,40.64703443
1593,38.84280382,40.37743675,40.14931564
1594,38.75985068,40.25300705,40.50186645
1595,38.78058897,39.7138117,40.39817503
1596,38.9879718,39.81750311,40.23226877
1597,39.17461634,39.81750311,40.33596018
1598,38.90501866,39.90045624,40.70924927
1599,39.589382,40.23226877,40.56408129
1600,38.94649523,39.92119453,40.39817503
1601,39.15387806,40.14931564,40.29448362
1602,38.88428038,39.83824139,40.75072584
1603,39.02944836,39.81750311,40.77146412
1604,39.00871008,39.7138117,40.87515554
1605,38.71837412,39.36126089,40.50186645
1606,38.6146827,39.44421402,40.23226877
1607,38.94649523,39.589382,40.93737039
1608,39.19535462,40.17005392,40.72998756
1609,39.17461634,39.87971796,40.72998756
1610,38.44877644,40.21153049,40.9166321
1611,38.96723351,39.79676483,40.08710079
1612,39.29904604,39.63085856,40.3152219
1613,39.00871008,39.15387806,40.66777271
1614,39.15387806,39.83824139,40.54334301
1615,39.02944836,40.00414766,40.48112816
1616,38.38656159,39.27830776,40.56408129
1617,38.67689755,40.1907922,40.77146412
1618,38.59394442,40.17005392,40.54334301
1619,39.31978432,40.46038988,40.25300705
1620,39.13313978,40.25300705,40.68851099
1621,38.71837412,39.7138117,40.81294069
1622,39.07092493,39.73454998,40.39817503
1623,38.8635421,39.77602655,40.29448362
1624,38.80132725,40.00414766,40.48112816
1625,38.63542099,39.75528826,40.25300705
1626,38.71837412,40.12857735,40.17005392
1627,38.63542099,39.36126089,40.56408129
1628,38.67689755,39.77602655,40.50186645
1629,38.6146827,39.79676483,40.70924927
1630,38.53172957,39.56864372,40.58481958
1631,38.63542099,39.85897968,40.85441725
1632,39.17461634,39.96267109,40.17005392
1633,38.8635421,39.77602655,40.77146412
1634,38.59394442,39.96267109,40.3152219
1635,38.92575695,40.00414766,40.14931564
1636,38.80132725,40.14931564,40.06636251
1637,38.67689755,39.69307341,40.60555786
1638,38.38656159,39.589382,40.54334301
1639,38.8635421,39.73454998,40.23226877
1640,39.11240149,39.05018664,40.17005392
1641,38.92575695,39.75528826,40.1907922
1642,38.65615927,39.73454998,39.81750311
1643,39.38199917,39.7138117,40.12857735
1644,38.63542099,39.81750311,40.25300705
1645,38.59394442,40.21153049,40.12857735
1646,38.69763584,39.7138117,40.33596018
1647,38.53172957,39.85897968,39.85897968
1648,38.84280382,40.00414766,39.83824139
1649,38.8635421,39.589382,40.10783907
1650,38.7391124,39.40273745,40.79220241
1651,38.65615927,39.61012028,39.98340937
1652,38.88428038,39.52716715,40.39817503
1653,38.75985068,39.48569058,40.14931564
1654,38.09622563,39.44421402,40.27374533
1655,38.84280382,39.73454998,40.4396516
1656,38.46951472,39.69307341,40.27374533
1657,38.28287018,39.77602655,40.1907922
1658,38.22065533,39.81750311,39.90045624
1659,38.40729988,39.83824139,39.52716715
1660,38.65615927,39.19535462,39.96267109
1661,38.1377022,39.77602655,40.25300705
1662,38.03401078,39.90045624,40.10783907
1663,38.19991705,39.589382,40.27374533
1664,38.32434674,39.50642887,40.70924927
1665,38.28287018,39.589382,40.75072584
1666,38.80132725,39.83824139,40.17005392
1667,38.2621319,39.50642887,40.58481958
1668,38.75985068,39.44421402,40.08710079
1669,38.67689755,39.56864372,40.21153049
1670,38.59394442,39.42347574,40.35669847
1671,38.51099129,39.3405226,40.12857735
1672,38.84280382,39.36126089,40.14931564
1673,38.88428038,39.589382,39.90045624
1674,38.1377022,39.13313978,39.85897968
1675,38.42803816,39.00871008,40.17005392
1676,38.57320614,39.56864372,39.96267109
1677,38.51099129,39.52716715,40.04562422
1678,38.30360846,39.4649523,39.75528826
1679,37.72293654,39.17461634,40.25300705
1680,38.46951472,39.29904604,40.23226877
1681,38.55246786,39.44421402,40.02488594
1682,38.32434674,39.83824139,39.75528826
1683,38.49025301,39.29904604,40.02488594
1684,37.93031937,39.29904604,40.04562422
1685,37.95105765,39.79676483,39.96267109
1686,38.2621319,39.44421402,39.96267109
1687,38.51099129,39.25756947,39.75528826
1688,38.42803816,39.31978432,39.52716715
1689,38.59394442,39.42347574,39.81750311
1690,38.51099129,39.589382,39.29904604
1691,38.53172957,39.23683119,40.04562422
1692,38.44877644,39.02944836,39.81750311
1693,38.07548735,39.56864372,39.75528826
1694,38.28287018,39.3405226,40.04562422
1695,38.57320614,39.589382,39.63085856
1696,38.07548735,39.31978432,39.7138117
1697,38.38656159,39.11240149,39.67233513
1698,38.17917876,38.92575695,40.06636251
1699,38.53172957,39.27830776,39.42347574
1700,37.8888428,39.44421402,39.81750311
1701,38.28287018,39.17461634,39.79676483
1702,38.42803816,39.21609291,39.75528826
1703,38.05474907,39.21609291,39.81750311
1704,38.44877644,39.07092493,39.44421402
1705,38.11696392,39.31978432,39.94193281
1706,38.30360846,39.73454998,39.61012028
1707,38.24139361,38.90501866,39.56864372
1708,38.19991705,39.19535462,39.81750311
1709,38.6146827,38.65615927,40.04562422
1710,38.24139361,38.8635421,39.63085856
1711,38.17917876,39.54790543,40.00414766
1712,38.24139361,39.52716715,39.73454998
1713,37.97179594,39.61012028,39.61012028
1714,38.34508503,39.81750311,39.96267109
1715,38.46951472,39.09166321,40.25300705
1716,38.03401078,38.90501866,39.90045624
1717,38.03401078,39.15387806,39.96267109
1718,38.2621319,39.19535462,39.50642887
1719,38.49025301,39.73454998,39.73454998
1720,38.15844048,39.38199917,39.98340937
1721,38.09622563,39.31978432,39.38199917
1722,37.99253422,39.23683119,39.79676483
1723,38.30360846,39.36126089,39.27830776
1724,38.6146827,39.38199917,39.7138117
1725,38.30360846,39.09166321,39.54790543
1726,38.15844048,39.27830776,40.00414766
1727,37.97179594,38.8635421,39.589382
1728,38.17917876,39.21609291,39.54790543
1729,38.17917876,38.88428038,40.10783907
1730,37.78515139,39.50642887,39.96267109
1731,37.47407715,39.44421402,39.77602655
1732,37.8888428,39.09166321,39.92119453
1733,38.11696392,39.13313978,40.02488594
1734,37.78515139,38.92575695,39.87971796
1735,38.07548735,39.44421402,40.02488594
1736,38.2621319,39.25756947,40.14931564
1737,37.86810452,39.05018664,39.29904604
1738,37.82662796,38.90501866,39.83824139
1739,38.07548735,39.36126089,40.00414766
1740,37.95105765,39.13313978,39.75528826
1741,38.09622563,38.94649523,39.69307341
1742,38.24139361,39.4649523,39.77602655
1743,37.82662796,38.65615927,39.79676483
1744,37.90958109,38.94649523,39.83824139
1745,37.59850684,38.6146827,39.3405226
1746,38.67689755,38.51099129,39.31978432
1747,38.11696392,39.48569058,39.75528826
1748,37.78515139,38.40729988,39.67233513
1749,37.45333886,38.84280382,39.4649523
1750,37.95105765,38.51099129,39.77602655
1751,38.2621319,38.71837412,39.52716715
1752,37.82662796,38.69763584,39.75528826
1753,38.30360846,39.00871008,39.73454998
1754,37.45333886,38.69763584,39.40273745
1755,37.90958109,38.78058897,39.79676483
1756,37.86810452,39.05018664,39.90045624
1757,37.51555371,38.75985068,39.63085856
1758,38.0132725,39.21609291,39.69307341
1759,37.70219826,39.15387806,39.77602655
1760,37.99253422,39.25756947,39.87971796
1761,37.57776856,39.56864372,39.94193281
1762,37.68145998,39.15387806,39.94193281
1763,37.32890917,39.21609291,39.13313978
1764,37.536292,39.3405226,39.31978432
1765,38.05474907,39.02944836,40.04562422
1766,37.82662796,38.9879718,40.12857735
1767,37.76441311,38.78058897,39.61012028
1768,38.07548735,39.00871008,39.50642887
1769,37.59850684,38.8635421,39.81750311
1770,37.99253422,38.49025301,39.42347574
1771,37.51555371,39.05018664,39.31978432
1772,37.76441311,39.02944836,39.65159685
1773,38.0132725,38.78058897,39.54790543
1774,37.90958109,38.88428038,39.52716715
1775,37.63998341,38.80132725,39.36126089
1776,37.90958109,39.05018664,39.98340937
1777,37.78515139,38.88428038,39.29904604
1778,37.59850684,38.75985068,39.38199917
1779,37.95105765,39.25756947,39.19535462
1780,37.43260058,38.9879718,39.3405226
1781,37.99253422,38.88428038,39.92119453
1782,37.49481543,39.23683119,39.31978432
1783,37.51555371,38.57320614,39.4649523
1784,37.55703028,39.21609291,39.44421402
1785,37.90958109,38.92575695,39.98340937
1786,37.76441311,39.23683119,39.52716715
1787,38.0132725,38.7391124,40.14931564
1788,37.57776856,38.82206553,39.40273745
1789,37.76441311,39.17461634,39.09166321
1790,37.66072169,39.19535462,38.90501866
1791,37.70219826,38.94649523,38.84280382
1792,37.72293654,38.94649523,39.67233513
1793,37.72293654,39.07092493,39.67233513
1794,37.49481543,38.8635421,39.17461634
1795,37.90958109,39.15387806,39.07092493
1796,37.45333886,38.65615927,39.42347574
1797,37.8888428,38.57320614,39.25756947
1798,37.63998341,38.40729988,39.40273745
1799,37.84736624,38.38656159,39.38199917
1800,37.63998341,38.51099129,39.56864372
