cycle,avg_know,avg_att,avg_pbc,avg_moral,avg_sn,avg_int,avg_habit,participation
0,43.90312384,62.44265892,44.63652161,80.62987925,63.768404,0,0,0
1,43.90312384,62.45295554,7.19942756,80.34352344,45.37289486,31.30336118,0,3.940273745
2,44.05180157,62.47349025,6.844524926,80.07016113,38.60918812,29.99383746,0.115298538,4.790543343
3,44.20091092,62.49450529,7.130497704,79.80025151,35.91621406,29.64831886,0.252625695,4.396515968
4,44.31777751,62.51130538,7.164359568,79.53037015,34.66505749,29.45014449,0.374303215,4.645375363
5,44.42332715,62.5256634,7.31029943,79.26309086,34.26613143,29.4265668,0.495316181,5.246785566
6,44.54337224,62.5428116,7.475732077,78.99956297,34.32689087,29.48922682,0.631797021,5.703027789
7,44.67348486,62.56173388,7.672471657,78.73792896,34.32071951,29.54711161,0.779749446,5.516383243
8,44.77091257,62.57519822,7.70208679,78.47699847,34.25192997,29.52843532,0.915498712,5.474906678
9,44.87185653,62.59012998,7.748053521,78.21702069,34.16297023,29.5134699,1.039331452,5.785980921
10,44.97675696,62.60515973,7.890926405,77.96006231,34.31564032,29.57826504,1.171944913,6.014102032
11,45.06959328,62.61714388,7.933992803,77.70461691,34.34677228,29.59175463,1.303890732,6.345914558
12,45.16959069,62.63310956,8.060556667,77.45190096,34.5011252,29.64170349,1.444422967,6.594773953
13,45.27631934,62.64746702,8.22246042,77.20070484,34.53281353,29.65875235,1.584239061,6.325176275
14,45.3528892,62.65707923,8.19054395,76.95021511,34.51456838,29.60241132,1.711488813,6.345914558
15,45.43007317,62.66769072,8.248267326,76.70057573,34.42120093,29.5971383,1.836260131,6.677727084
16,45.52268963,62.67933318,8.384424031,76.4527735,34.37681546,29.62200795,1.963311222,6.117793447
17,45.57363578,62.68648056,8.249579477,76.20546304,34.3700208,29.52715025,2.067914872,6.885109913
18,45.66297921,62.69928671,8.510188852,75.96212308,34.6080146,29.64516782,2.190388506,7.175445873
19,45.75796264,62.71324861,8.717530155,75.72049268,34.70572018,29.71957196,2.322519472,7.424305268
20,45.84685268,62.72569284,8.797058383,75.48037381,34.72033168,29.7273066,2.453093112,7.196184156
21,45.91216117,62.7362417,8.75910655,75.2408426,34.67506141,29.67049887,2.567610615,7.341352136
22,45.98090247,62.74485289,8.846363693,75.00326541,34.73187778,29.67623617,2.688682323,7.382828702
23,46.04876294,62.75509799,8.844047556,74.76660684,34.69019929,29.63384253,2.801837748,7.673164662
24,46.13836711,62.76852337,8.959340497,74.53207624,34.7403632,29.67591031,2.925064424,7.362090419
25,46.19584531,62.77692076,8.951342698,74.29769116,34.66412692,29.63615912,3.03209812,7.818332642
26,46.26847792,62.78794453,9.047530778,74.06580554,34.71910972,29.65644209,3.147117726,7.756117793
27,46.32866734,62.79618277,9.103302606,73.83445792,34.64291733,29.6050955,3.255989552,7.673164662
28,46.3846017,62.80454255,9.126835348,73.6041951,34.60748789,29.59186341,3.362226924,7.776856076
29,46.43882148,62.81252513,9.205335423,73.37568092,34.65453044,29.59564653,3.459364569,8.025715471
30,46.50123919,62.82181254,9.253543633,73.14880904,34.68276055,29.57204736,3.565023518,8.170883451
31,46.56613932,62.82953356,9.408736385,72.92473977,34.92579297,29.66115382,3.674660586,8.66860224
32,46.6446753,62.84113011,9.533578968,72.70210621,34.94088449,29.69037173,3.796015572,8.316051431
33,46.70270643,62.85027375,9.533645134,72.48027315,34.97520951,29.67355003,3.90004562,8.730817088
34,46.77319437,62.85972945,9.621033587,72.25985606,34.9207974,29.68372888,4.013164732,8.710078805
35,46.82739515,62.86764756,9.750106332,72.04109231,34.98493734,29.6790877,4.125239197,9.062629614
36,46.89527036,62.87753811,9.84821189,71.82401784,35.00625094,29.7129965,4.237401224,8.751555371
37,46.93618719,62.88300298,9.824094045,71.60619347,34.78057132,29.6543564,4.335298777,8.544172543
38,46.97437391,62.88907638,9.786587942,71.39040117,34.88704318,29.62624829,4.426058336,9.207797594
39,47.03731381,62.89778291,9.971504359,71.17681025,34.93301324,29.63245223,4.53883591,8.793031937
40,47.07657756,62.90347478,9.932626984,70.96328345,34.88530479,29.59837957,4.632025233,9.456656989
41,47.13877158,62.91430643,10.10316488,70.7523042,34.92397826,29.62029583,4.741674534,8.938199917
42,47.1816587,62.91909091,10.05163691,70.54216587,35.0353181,29.61499366,4.826023954,9.705516383
43,47.24006571,62.92811502,10.26122426,70.33366772,34.9688899,29.62007755,4.933738454,9.083367897
44,47.27605771,62.93218994,10.0728349,70.1251016,34.91017891,29.53791758,5.021553628,9.270012443
45,47.31161261,62.93743948,10.16550305,69.91837843,34.95816899,29.54194406,5.110601242,9.82994608
46,47.3664288,62.94422162,10.36076759,69.71374879,34.99551803,29.58302522,5.21064569,9.53961012
47,47.4051993,62.94944271,10.39776807,69.50982223,35.0269288,29.59048227,5.295656128,9.518871837
48,47.45166981,62.95665768,10.36523511,69.30614626,34.90836496,29.52736941,5.375635858,9.871422646
49,47.50439138,62.96381771,10.46121844,69.10462727,34.94331047,29.53533334,5.467144027,9.518871837
50,47.53808981,62.96834478,10.41625935,68.90302678,34.86298133,29.50364607,5.545280915,9.39444214
51,47.56451418,62.97217852,10.41294597,68.70225074,34.82155755,29.4658273,5.614924079,10.20323517
52,47.62196389,62.98070367,10.58990056,68.50468913,34.9464595,29.51692309,5.70506477,9.767731232
53,47.66435902,62.98599425,10.54046356,68.30691805,34.90894912,29.49856558,5.7849188,9.788469515
54,47.70565506,62.99244095,10.5004561,68.11048616,34.93634486,29.46735543,5.858903596,10.26545002
55,47.74437364,62.99717479,10.72597125,67.91657908,35.07024824,29.52952616,5.939890401,10.63873911
56,47.79287324,63.00358163,10.84826031,67.72417702,35.10878583,29.54650605,6.035348345,10.2861883
57,47.82881159,63.00769702,10.8592221,67.5315801,35.01678124,29.49675557,6.113535805,10.410618
58,47.86889736,63.01347405,10.89773788,67.34022449,34.98002058,29.48173685,6.195154392,10.07880547
59,47.89103746,63.01714244,10.78131074,67.14898485,34.90450178,29.42115304,6.261549812,10.49357113
60,47.93699982,63.02370728,10.93285194,66.95991549,34.95562288,29.49100986,6.336207668,10.63873911
61,47.97843536,63.02944857,11.04101604,66.77218288,34.99454265,29.47377778,6.412106183,10.86686022
62,48.0183641,63.03413426,11.13310598,66.58601444,35.04693839,29.45690122,6.494104587,10.63873911
63,48.04485362,63.03817388,11.09284832,66.39989883,34.97799964,29.41865633,6.566494748,10.63873911
64,48.07824437,63.04336556,11.11745215,66.21473767,34.94385539,29.39239541,6.637544716,10.63873911
65,48.10988118,63.04778202,11.13563553,66.03070485,34.95337485,29.40417009,6.699349683,10.88759851
66,48.14728191,63.05178723,11.25876863,65.84789246,34.93065083,29.38773028,6.769650523,10.82538366
67,48.17922678,63.05627739,11.20507601,65.66573563,34.88530175,29.32551794,6.840878994,10.43135628
68,48.18899043,63.05709308,11.14232204,65.48339906,34.78082753,29.28068981,6.900663571,10.70095396
69,48.22126852,63.06212071,11.17245618,65.3032158,34.86411732,29.25353565,6.965240717,11.11571962
70,48.25421266,63.06773997,11.29766147,65.12499247,34.95997191,29.32421073,7.035391928,11.15719618
71,48.28112791,63.07118661,11.3579047,64.94744384,34.94325331,29.31571217,7.103881107,11.19867275
72,48.31472911,63.07611845,11.39888796,64.77116233,34.98068095,29.32419277,7.168525517,11.09498134
73,48.34203271,63.07993691,11.34955942,64.59548859,34.97225578,29.24798745,7.230035198,11.42679386
74,48.37208892,63.08443789,11.47756151,64.4217344,35.04410747,29.3003342,7.30032204,11.59270012
75,48.40385236,63.08834009,11.59006136,64.24857038,34.97767788,29.27852853,7.370764471,11.07424305
76,48.41007771,63.08978185,11.51388877,64.07500124,34.8676618,29.19768077,7.425680363,11.36457901
77,48.42813536,63.09328563,11.66384333,63.90322944,34.88907254,29.23540359,7.486643784,11.44753214
78,48.45830781,63.09782765,11.69376131,63.73266397,34.92791746,29.24952878,7.546911148,11.40605558
79,48.47541958,63.09948359,11.74143044,63.56273046,34.91206523,29.24228111,7.604802229,11.59270012
80,48.5001891,63.10310603,11.78762512,63.3948015,35.03732659,29.26781246,7.669623531,11.75860639
81,48.522132,63.1059032,11.83866114,63.22683452,34.89326562,29.22464801,7.731628907,11.09498134
82,48.53360522,63.10666047,11.70065927,63.05850355,34.80006822,29.13836979,7.771023674,11.59270012
83,48.55402301,63.10882478,11.77240518,62.89215559,34.81004657,29.12118698,7.823144394,11.67565326
84,48.57697692,63.11322961,11.83826862,62.72673107,34.79858385,29.14515915,7.874108541,11.32310245
85,48.58779717,63.11389534,11.7470973,62.56167221,34.80631197,29.09625592,7.915039991,12.06968063
86,48.61895054,63.11730124,11.92241611,62.39880355,34.82998305,29.12617499,7.975476353,11.48900871
87,48.6229174,63.11836153,11.77020015,62.23487131,34.67380687,29.02716506,8.016309443,11.44753214
88,48.62408544,63.11801488,11.77788715,62.07198004,34.64519436,28.96606735,8.05786175,11.59270012
89,48.64036426,63.11988965,11.81358059,61.9109639,34.764235,28.99656789,8.103890709,11.88303608
90,48.66694605,63.1239238,11.86325281,61.74992566,34.59607093,28.97669884,8.156445295,11.24014932
91,48.66097927,63.12361063,11.67369606,61.58951822,34.65663972,28.89390983,8.182649518,12.40149316
92,48.70602315,63.1292923,11.95857585,61.4330916,34.89799969,29.02044226,8.245133876,12.00746578
93,48.72181624,63.13204112,11.96234035,61.27577354,34.82222112,28.99049165,8.295536156,11.94525093
94,48.72593399,63.1325725,12.03599304,61.11899801,34.75885792,28.97664123,8.339736144,12.19411033
95,48.75393623,63.13541614,12.09447563,60.96374197,34.78119205,28.97246328,8.390419653,12.25632518
96,48.78079335,63.13861381,12.12454848,60.80999763,34.88870987,28.97362746,8.442198752,12.85773538
97,48.81482201,63.14241764,12.34974545,60.65804828,34.93921667,29.06415332,8.513568016,12.21484861
98,48.81806858,63.14302464,12.26405501,60.50504566,34.82299683,28.98085909,8.557616642,12.33927831
99,48.83420433,63.14533805,12.26386746,60.35291458,34.749104,28.92475409,8.604314296,12.04894235
100,48.83682558,63.14623876,12.22496768,60.20112603,34.71620186,28.87850179,8.640494305,12.31854002
101,48.85510522,63.14893917,12.30193835,60.0499951,34.60815065,28.87827189,8.682731881,12.04894235
102,48.86462561,63.1509472,12.19349329,59.90018393,34.71916963,28.8126659,8.721047039,12.8369971
103,48.89672316,63.1556958,12.40423617,59.7521537,34.7255824,28.87176122,8.778303313,12.21484861
104,48.90580279,63.15668845,12.27806494,59.60311737,34.59818207,28.80727443,8.817936472,12.13189548
105,48.91994387,63.1586195,12.23215433,59.45496144,34.5811776,28.7683825,8.851739157,12.52592285
106,48.93969988,63.16111724,12.29158892,59.30830924,34.59116053,28.7706848,8.892035639,12.21484861
107,48.95185952,63.1626753,12.29797578,59.16232806,34.66190236,28.76177367,8.921863603,12.98216508
108,48.97909156,63.16608811,12.52580546,59.01873526,34.75698035,28.82986664,8.974722944,12.81625881
109,49.00172651,63.16887369,12.51444943,58.87466599,34.63673619,28.79165622,9.019455053,12.13189548
110,49.00054383,63.16812999,12.28247928,58.73075411,34.66410785,28.72397535,9.040315222,12.89921195
111,49.01998323,63.17105459,12.35124624,58.58826367,34.58270367,28.73180083,9.084625729,12.50518457
112,49.02761779,63.17291072,12.37062843,58.44566336,34.5089189,28.68467638,9.121017427,12.29780174
113,49.0266455,63.17294486,12.29959455,58.30336853,34.45753521,28.61012006,9.146898218,12.56739942
114,49.04232542,63.17367787,12.41081396,58.16257928,34.49034603,28.66103332,9.180943357,12.73330568
115,49.04907268,63.17463433,12.58471375,58.02280531,34.50634225,28.67493557,9.21912115,12.52592285
116,49.05478186,63.17527549,12.51937958,57.88261441,34.37832363,28.64319211,9.248309525,12.38075487
117,49.05488002,63.17541738,12.50194966,57.74265537,34.2753347,28.5684735,9.274167068,12.31854002
118,49.06458408,63.17655405,12.41628394,57.60309108,34.19044655,28.49928612,9.293721413,12.27706346
119,49.07468942,63.17820088,12.39156859,57.46475559,34.24634151,28.49732497,9.312798164,12.73330568
120,49.08515246,63.17994425,12.53371064,57.32826678,34.33715756,28.51927711,9.342599512,12.60887599
121,49.09737819,63.18158116,12.52963377,57.19247926,34.4064483,28.54541613,9.365812039,13.04437993
122,49.12663812,63.18515727,12.65494194,57.05797725,34.41613967,28.58407705,9.398873495,12.44296972
123,49.12122368,63.18443895,12.53071431,56.92238725,34.28394695,28.44466978,9.421891856,12.69182912
124,49.13240245,63.18478896,12.59123502,56.78841165,34.30947009,28.46412974,9.450400883,12.87847366
125,49.15441199,63.18817825,12.6098494,56.6558332,34.38721742,28.49129798,9.482261169,12.96142679
126,49.17367975,63.19106526,12.65001957,56.52383652,34.37878703,28.51228887,9.510684789,13.06511821
127,49.18968954,63.19420152,12.69026925,56.39299712,34.42349303,28.50690093,9.543519537,12.98216508
128,49.20331368,63.19609884,12.76400548,56.26281205,34.4586888,28.50528107,9.571747025,13.35545417
129,49.23409052,63.19918275,12.86898688,56.1337823,34.45207014,28.51743128,9.609907694,13.16880962
130,49.2404323,63.20019197,12.78361903,56.00500884,34.43038787,28.46606408,9.645586075,13.4384073
131,49.25635744,63.20325049,12.94933449,55.87824324,34.57098819,28.51907104,9.690269466,13.4384073
132,49.27813373,63.20590812,12.95482291,55.75078049,34.40433093,28.48425954,9.735529196,12.65035255
133,49.26749079,63.20529907,12.74406251,55.62225027,34.25152889,28.37205584,9.747839769,13.08585649
134,49.27564087,63.20711812,12.8104377,55.49523125,34.21023026,28.36338425,9.777914613,12.73330568
135,49.27192327,63.2060031,12.68703048,55.36800223,34.14130377,28.29421272,9.797311893,13.02364164
136,49.28709684,63.20837971,12.78106949,55.24214712,34.14993065,28.30236811,9.825371663,12.85773538
137,49.28862957,63.20803104,12.71541773,55.11734735,34.26415496,28.27119195,9.849520412,13.62505185
138,49.31361575,63.21166022,12.94502379,54.99400677,34.24384288,28.32037354,9.892791645,13.06511821
139,49.31827967,63.2121018,12.79513318,54.86965591,34.10725331,28.23418301,9.920522188,12.98216508
140,49.3173177,63.2122068,12.77511423,54.74548933,33.99149607,28.19095872,9.940303831,12.73330568
141,49.31566434,63.2121357,12.73730558,54.62235557,34.07176313,28.14178289,9.953528393,13.16880962
142,49.32159337,63.21244589,12.81972698,54.49989398,33.99420151,28.17257478,9.977153652,12.50518457
143,49.32035054,63.21087087,12.69732964,54.37591156,33.77584369,28.09247372,9.980333197,12.91995023
144,49.33662725,63.21229079,12.79420841,54.25508316,33.98703391,28.14279634,9.99681309,13.562837
145,49.35698123,63.21413421,13.0403494,54.13613463,34.11891315,28.21485074,10.02997884,13.18954791
146,49.35947896,63.21551224,12.91409451,54.01574932,33.93305578,28.13947214,10.04916506,13.12733306
147,49.35889769,63.21520083,12.89684766,53.89666746,33.9780221,28.10961264,10.07057054,13.18954791
148,49.36241427,63.21631607,12.95739267,53.77788009,33.92622407,28.10085527,10.08964651,13.08585649
149,49.36946105,63.21725389,12.93260288,53.65981913,33.94696356,28.06662992,10.10807202,13.3139776
150,49.38047917,63.21837817,13.03404411,53.54334791,34.05787519,28.11279191,10.13280844,13.58357528
151,49.39590393,63.21972203,13.08956539,53.42751472,34.03639134,28.11421249,10.16536066,13.08585649
152,49.39788197,63.22006516,13.0197918,53.31130926,33.99651766,28.06010806,10.1810312,13.4384073
153,49.40036017,63.22121707,13.16634618,53.19622326,33.96994074,28.07903397,10.20615445,13.45914558
154,49.41955813,63.22370144,13.11335576,53.08171468,33.94969097,28.0471214,10.22813856,13.52136043
155,49.43068918,63.22603186,13.09004719,52.96807231,33.96722667,28.06796141,10.2511121,13.4384073
156,49.4353862,63.22658008,13.0911298,52.85408192,33.84046132,28.0103149,10.27129063,12.87847366
157,49.42859516,63.22554168,12.90244168,52.7396126,33.75408922,27.9137033,10.27535879,13.52136043
158,49.46005877,63.23141031,13.02920184,52.62733768,33.81052038,28.0000104,10.29470784,13.47988387
159,49.46743886,63.23203201,13.09394568,52.51593503,33.8946038,27.98994188,10.31354621,13.62505185
160,49.48193516,63.23431222,13.17256459,52.40466915,33.81753986,27.99572621,10.33778573,12.91995023
161,49.46268978,63.23170916,13.0396775,52.29250828,33.72503935,27.91465871,10.340407,13.64579013
162,49.47548771,63.23326495,13.2186787,52.18204579,33.67504167,27.93959188,10.36235057,13.02364164
163,49.46585369,63.23229829,13.09951287,52.07100575,33.62912355,27.86723483,10.37386219,13.47988387
164,49.48343325,63.2337763,13.17550799,51.96193361,33.71904706,27.8999522,10.39266198,13.562837
165,49.49624769,63.23609525,13.21943066,51.85370892,33.78190387,27.89387504,10.41273072,13.47988387
166,49.50355966,63.23601321,13.17816748,51.74472406,33.60927932,27.87457523,10.43184944,12.96142679
167,49.49666233,63.23566221,13.02122142,51.63578054,33.58230316,27.79557286,10.43341646,13.54209871
168,49.50539924,63.23775659,13.17864639,51.52915889,33.70851917,27.84771461,10.44987655,13.99834094
169,49.53139528,63.24147555,13.31013636,51.42481583,33.92785553,27.89381514,10.4769075,14.12277063
170,49.55737451,63.24479787,13.42422709,51.32107302,33.99943514,27.91394734,10.5096362,13.99834094
171,49.57516828,63.2477533,13.37397685,51.21671281,33.87016701,27.88937478,10.53661002,13.4384073
172,49.56529759,63.2464212,13.27943387,51.11205261,33.82100537,27.83347097,10.54773874,13.66652841
173,49.57696269,63.24743941,13.23693019,51.00756046,33.67364791,27.81406121,10.56480289,13.45914558
174,49.57972236,63.24693135,13.17897982,50.90331285,33.61693071,27.77617319,10.58171657,13.60431356
175,49.58087361,63.24739102,13.20444292,50.79966955,33.56195927,27.7395968,10.59418839,13.68726669
176,49.59203022,63.24916002,13.22676961,50.69738518,33.65117219,27.7271803,10.60756714,13.89464952
177,49.59888345,63.249771,13.3699837,50.59598422,33.6930849,27.77962377,10.631917,13.70800498
178,49.6097186,63.25124987,13.34552665,50.49496844,33.73840977,27.77134848,10.6509528,14.1642472
179,49.63036445,63.25439027,13.46703587,50.39506939,33.73392429,27.79773463,10.68153852,13.62505185
180,49.62144368,63.25222201,13.3037294,50.29399339,33.59310994,27.70427794,10.69270264,13.62505185
181,49.61943544,63.25187553,13.29861449,50.1929324,33.44556392,27.66248632,10.70611812,13.37619245
182,49.60707459,63.25110128,13.25747617,50.09222495,33.4183169,27.63388294,10.70841099,13.89464952
183,49.62221175,63.25259719,13.46884991,49.99358627,33.52800006,27.69638542,10.72389982,13.97760265
184,49.63384094,63.25454299,13.58984269,49.89578651,33.60515128,27.73217827,10.7412458,14.0398175
185,49.6561977,63.25774258,13.57107664,49.79826582,33.58171985,27.73160705,10.76618474,13.66652841
186,49.65724157,63.25717678,13.40926497,49.69964648,33.40150791,27.63856744,10.77252098,13.33471589
187,49.64757152,63.25615786,13.29574554,49.60081138,33.29016797,27.57838577,10.7708571,13.77021983
188,49.64907963,63.25682001,13.3783408,49.50453868,33.46860229,27.61447472,10.78356688,13.95686437
189,49.66217846,63.25865321,13.43953771,49.40842522,33.44129575,27.61454282,10.79957498,13.81169639
190,49.66411406,63.25875563,13.44993164,49.31258841,33.42822339,27.58415291,10.81147017,13.83243467
191,49.6670645,63.25901246,13.44449763,49.21772707,33.49461503,27.56761095,10.82570901,14.18498548
192,49.68353785,63.26204463,13.51586429,49.12357576,33.46517171,27.607386,10.84793958,13.87391124
193,49.68334661,63.26168072,13.45426174,49.02938534,33.44488893,27.57190569,10.86104156,13.68726669
194,49.67751028,63.26107157,13.42174865,48.93503587,33.37914611,27.53429138,10.86751899,13.91538781
195,49.68599343,63.26233078,13.49379735,48.84144647,33.33466495,27.53775553,10.8802635,13.79095811
196,49.69321136,63.26456269,13.45510945,48.74840937,33.35846029,27.50764538,10.89267353,13.99834094
197,49.69859744,63.26521935,13.46976493,48.6561552,33.36170369,27.49516555,10.90631165,13.95686437
198,49.70664697,63.26501651,13.515372,48.56393679,33.30236223,27.50610508,10.91655468,13.93612609
199,49.71504185,63.26617842,13.50412807,48.47211875,33.26734501,27.47484981,10.92914683,13.72874326
200,49.70413123,63.26503431,13.44598338,48.3806463,33.28399374,27.47835397,10.92923893,14.20572377
201,49.71666711,63.2660018,13.61187576,48.29045252,33.29615497,27.50875451,10.95031638,13.87391124
202,49.71808926,63.2663252,13.54697506,48.19997638,33.26380008,27.47879965,10.95823758,13.72874326
203,49.71709279,63.26576558,13.47668543,48.10893268,33.11509109,27.39667573,10.96324876,13.62505185
204,49.71918871,63.26642009,13.39228548,48.01857429,33.11375898,27.34973314,10.96710711,13.81169639
205,49.72766182,63.26707242,13.43958086,47.92893997,33.10356096,27.35323281,10.97486565,14.10203235
206,49.7398169,63.26802299,13.50669695,47.84055841,33.15390516,27.38441921,10.99062932,13.52136043
207,49.72352675,63.26643127,13.42419029,47.75137365,33.11825932,27.31841832,10.98707875,14.0398175
208,49.72426948,63.26559749,13.52110576,47.66359294,33.12067182,27.33547424,11.00228021,13.81169639
209,49.72538414,63.26710402,13.49610657,47.57638935,33.20339833,27.35475127,11.0114174,14.24720033
210,49.74118741,63.26969746,13.61746947,47.48962937,33.12233638,27.383294,11.03301641,13.64579013
211,49.7347403,63.27007326,13.47972689,47.40170935,32.97705784,27.28089612,11.03308533,13.83243467
212,49.73813309,63.27054307,13.50717071,47.31505831,32.99841327,27.28095543,11.03952481,13.89464952
213,49.73242702,63.2683867,13.57761146,47.22923932,33.05528591,27.27918706,11.0481596,14.1642472
214,49.74488034,63.26843251,13.67074902,47.1446576,33.13796466,27.29755448,11.06293245,14.12277063
215,49.75502329,63.27063124,13.60562537,47.05975224,33.05761108,27.30240497,11.07510036,13.79095811
216,49.74721391,63.27024707,13.54538391,46.97494989,33.05451663,27.26390834,11.07391201,14.41310659
217,49.77386132,63.27458605,13.66490455,46.89224402,33.1631899,27.32540427,11.09661833,14.33015346
218,49.78097826,63.27559417,13.70054017,46.80895776,33.0640248,27.28581904,11.1140085,13.35545417
219,49.76397631,63.27289554,13.37776932,46.7228388,32.73524533,27.11507662,11.10063026,13.58357528
220,49.75936679,63.27155821,13.39936412,46.63854148,32.75833131,27.13106105,11.09925957,13.95686437
221,49.75864408,63.27048686,13.50650712,46.55608198,32.90272501,27.17012183,11.1084099,14.35089175
222,49.76720978,63.27230622,13.66801916,46.47453207,32.94154847,27.21599067,11.12778826,13.83243467
223,49.76410944,63.27181175,13.54899792,46.39249671,32.94321606,27.15941098,11.12875552,14.22646205
224,49.77967262,63.27417389,13.64921139,46.31197973,33.01917148,27.19160513,11.14424498,14.49605973
225,49.80360079,63.27729086,13.78836482,46.23254041,33.09113898,27.26351152,11.16428167,14.26793861
226,49.8076695,63.27783,13.73438718,46.15262725,33.03592277,27.21704308,11.17900988,14.33015346
227,49.82676421,63.27958951,13.78308575,46.07384315,33.11427151,27.22094626,11.19556376,14.49605973
228,49.84084358,63.28177728,13.82249405,45.99530299,33.07763072,27.25688986,11.21573663,14.2886769
229,49.84678047,63.28326791,13.74825349,45.916421,32.98873216,27.21172995,11.22994223,14.24720033
230,49.8456218,63.28354396,13.79279652,45.83885776,33.11072413,27.23368475,11.24110248,14.7656574
231,49.86127349,63.28595444,13.92590094,45.76247888,33.1577833,27.27313805,11.26542456,14.51679801
232,49.86786454,63.28630926,13.89721788,45.685534,33.082814,27.22998631,11.28041895,14.55827457
233,49.87886709,63.28719773,13.86326034,45.60908015,33.05452515,27.21820289,11.2971752,14.39236831
234,49.88903091,63.2884629,13.7721274,45.53197461,32.91289258,27.1544575,11.31305873,13.74948154
235,49.86551777,63.28543603,13.61448818,45.45355234,32.73439871,27.06631215,11.31016757,13.89464952
236,49.8601126,63.28479226,13.67138197,45.37567597,32.64071016,27.05933091,11.30208962,13.83243467
237,49.85058627,63.28324918,13.66165144,45.29859192,32.68076206,27.04239786,11.2973541,14.30941518
238,49.8569601,63.28393504,13.78433046,45.22348265,32.83158248,27.10242968,11.30951774,14.47532144
239,49.86454558,63.2860996,13.86960329,45.14875124,32.85051955,27.11848362,11.32432209,14.1642472
240,49.86458221,63.28621002,13.77124234,45.07360439,32.80745537,27.07346444,11.33005601,13.95686437
241,49.85996927,63.28526681,13.70166935,44.99782085,32.67161404,27.02443638,11.33339627,14.10203235
242,49.85582843,63.28480859,13.73119559,44.92303614,32.67532322,27.03352442,11.33373051,14.0398175
243,49.85616173,63.28501716,13.64549178,44.84839076,32.65035673,26.97323118,11.33407285,14.33015346
244,49.85666141,63.28528921,13.79556922,44.7749089,32.69226413,26.98874759,11.343796,14.30941518
245,49.86275587,63.28576229,13.76627995,44.70107998,32.59318708,26.99676353,11.35316467,13.77021983
246,49.85202985,63.2848546,13.62832633,44.62695912,32.58164451,26.9395096,11.3446853,14.24720033
247,49.86502778,63.28741024,13.73052339,44.55372521,32.53360782,26.95103291,11.35580688,13.91538781
248,49.8509916,63.28554118,13.71210391,44.48044716,32.53080071,26.93705417,11.35188947,14.1642472
249,49.84515119,63.28470329,13.76675608,44.40766514,32.4829165,26.93306137,11.35595792,13.74948154
250,49.84431555,63.28470743,13.65307353,44.33470527,32.47758576,26.88329066,11.34830526,14.08129407
251,49.8542068,63.28665665,13.67989703,44.26267478,32.47837845,26.87157733,11.34916649,14.0398175
252,49.85509416,63.28700876,13.69710952,44.19097064,32.47979864,26.86329554,11.3506248,14.10203235
253,49.85454449,63.28709754,13.70925186,44.1200875,32.53914719,26.86489586,11.35316888,14.53753629
254,49.8801676,63.29111646,13.81429784,44.05060208,32.62122279,26.90400781,11.36885128,14.35089175
255,49.88307816,63.29085759,13.78587782,43.98103609,32.6321336,26.87479739,11.38097044,14.64122771
256,49.88782644,63.29167123,13.87425488,43.91267277,32.69987846,26.91514196,11.39863087,14.66196599
257,49.89811123,63.29301704,13.94050967,43.8442845,32.66227663,26.93082199,11.41438993,14.30941518
258,49.90107626,63.29208823,13.80992181,43.77544425,32.60427305,26.88120064,11.42070343,14.30941518
259,49.90108826,63.29236137,13.8098323,43.70717593,32.6136422,26.87675109,11.42587227,14.51679801
260,49.90715868,63.29386,13.83086059,43.63904924,32.52480207,26.85725544,11.43634788,14.35089175
261,49.90846272,63.29370943,13.83833491,43.57082331,32.45266349,26.84064025,11.44217376,14.0398175
262,49.89578867,63.29230266,13.7715771,43.50256031,32.43913477,26.7775909,11.43594682,14.37163003
263,49.91394609,63.29434435,13.76792636,43.43560752,32.50399522,26.81887422,11.44846918,14.59975114
264,49.92503315,63.29555541,13.89710283,43.3694451,32.54732497,26.86456643,11.46041298,14.14350892
265,49.92151055,63.29605129,13.77080818,43.30175334,32.3736884,26.76276017,11.46013417,14.20572377
266,49.92048272,63.29559379,13.78467597,43.23476407,32.33935304,26.76744345,11.46198185,14.18498548
267,49.9108676,63.2936918,13.82973294,43.16816946,32.33895153,26.75683326,11.463548,14.20572377
268,49.90815679,63.29283385,13.88761784,43.10189613,32.32877252,26.75853552,11.46526759,14.1642472
269,49.91141075,63.29394598,13.87497497,43.03647433,32.41749125,26.75847447,11.46632681,14.80713397
270,49.93201331,63.29681222,14.04852644,42.9726896,32.50012036,26.84458061,11.48501709,14.59975114
271,49.94495171,63.29817905,14.00778272,42.90860089,32.48520303,26.82020413,11.50047534,14.2886769
272,49.93673592,63.29749405,13.92771225,42.84414447,32.4437664,26.77388827,11.50504975,14.68270427
273,49.95163446,63.29923546,13.94958295,42.78085788,32.46113188,26.80373269,11.51580615,14.55827457
274,49.95615605,63.29945132,14.01294248,42.71799009,32.5173962,26.8044025,11.52389952,14.68270427
275,49.96410361,63.300335,14.0802394,42.65509435,32.4494477,26.82422988,11.54046571,14.62048942
276,49.96132116,63.30015677,14.03847671,42.59144347,32.25456089,26.74872255,11.55390907,14.06055579
277,49.95014902,63.29916475,13.90095561,42.52748895,32.21298234,26.66865673,11.5479757,14.30941518
278,49.94896302,63.2986741,13.90762286,42.46453079,32.24083106,26.67209116,11.547522,14.22646205
279,49.94701561,63.29811112,13.84383035,42.40192694,32.28002661,26.64957172,11.55006857,14.62048942
280,49.9492217,63.29913341,13.97729776,42.34007104,32.26349658,26.69113492,11.56311993,14.18498548
281,49.94454103,63.29828225,13.92398231,42.27791548,32.26907256,26.6587038,11.56364824,14.57901286
282,49.9493855,63.2985259,14.04253394,42.21704241,32.32573714,26.69155817,11.57124235,14.35089175
283,49.95247405,63.29856639,14.01715457,42.15582661,32.30180037,26.65750685,11.57182952,14.2886769
284,49.94414602,63.2979357,13.95792454,42.09360264,32.08528987,26.63625448,11.57183229,13.87391124
285,49.94074421,63.29763294,13.76613857,42.03149856,32.0649508,26.55111985,11.55785528,14.59975114
286,49.94607361,63.29792247,13.95485156,41.97174193,32.20058748,26.61453939,11.57287332,14.20572377
287,49.94173404,63.29712701,13.87753315,41.91055343,32.07375008,26.56464507,11.56990397,14.01907922
288,49.93611563,63.2961327,13.82099471,41.84965725,32.06416991,26.52516123,11.564088,14.22646205
289,49.93008996,63.29552499,13.90023521,41.78972763,32.11430288,26.53168639,11.56016502,14.49605973
290,49.94384793,63.29629271,13.9654383,41.73074814,32.1695589,26.58655315,11.57616425,14.26793861
291,49.94874172,63.29706452,13.88451555,41.67127451,32.12367047,26.56969905,11.57742527,14.33015346
292,49.95504527,63.29852381,13.89886133,41.61255013,32.15733998,26.56474831,11.58005376,14.57901286
293,49.96014409,63.30010541,14.06009954,41.55446803,32.1611405,26.6186681,11.59213374,14.41310659
294,49.96395781,63.30051921,13.98290105,41.49644241,32.16672166,26.58343361,11.59662451,14.37163003
295,49.96930764,63.30147015,13.95381509,41.43786517,32.03973096,26.52184852,11.59889961,14.06055579
296,49.96515126,63.30029409,13.89224317,41.37927134,32.01124018,26.51932249,11.59397373,14.49605973
297,49.97647845,63.30276423,13.97875654,41.3224683,32.12782698,26.53643131,11.59952898,14.68270427
298,49.98419694,63.30346579,14.01689489,41.26584822,32.11140319,26.57237204,11.61265757,14.20572377
299,49.97900333,63.30312665,13.94005168,41.20801183,31.97914224,26.50961279,11.60745055,14.20572377
300,49.97414747,63.30218983,13.89079362,41.15044101,31.91607213,26.45856491,11.60468958,14.18498548
301,49.97074809,63.30180614,13.88590994,41.09360253,31.96641069,26.45428901,11.60129557,14.43384488
302,49.97214007,63.30208105,13.93879865,41.03762926,32.01781287,26.47399962,11.60069399,14.53753629
303,49.98562174,63.30420022,13.99959043,40.98236362,32.08147304,26.50689659,11.60692138,14.45458316
304,49.99206059,63.30535175,13.94197806,40.9262515,31.94167922,26.45400257,11.61281199,14.10203235
305,49.98037445,63.30389055,13.87539755,40.87030494,31.9538053,26.43220481,11.60518986,14.70344255
306,50.0045141,63.30742853,13.98950443,40.81590623,32.00874673,26.50588309,11.61598987,14.49605973
307,50.00901574,63.30840521,13.97667706,40.76178098,32.08545098,26.45603723,11.62186532,14.97304023
308,50.01583091,63.30855254,14.09384094,40.70884206,32.14108065,26.50586905,11.63953971,14.66196599
309,50.02022268,63.30828243,14.15292952,40.65503811,32.05947773,26.49738246,11.64495369,14.1642472
310,50.00559241,63.30718968,13.98261486,40.60071697,32.02238033,26.42568422,11.63886326,14.62048942
311,50.00391843,63.30705329,14.06538304,40.5478813,32.08592834,26.4729848,11.6503874,14.55827457
312,50.01679989,63.30813458,14.07916473,40.4946469,32.01921966,26.46514375,11.6525066,14.93156367
313,50.04076885,63.31242227,14.14580876,40.44277549,32.06942778,26.48420773,11.6664744,14.57901286
314,50.0413127,63.31318493,14.05914316,40.39006796,32.00104385,26.43793146,11.6758454,14.57901286
315,50.04854466,63.31368257,14.07000986,40.3372124,31.90057601,26.43124802,11.68431098,14.2886769
316,50.03977075,63.31302813,13.9623461,40.28375765,31.78778302,26.35235465,11.68064728,14.39236831
317,50.03891019,63.31336903,13.93143153,40.23099814,31.78276081,26.3570223,11.67968213,13.93612609
318,50.02333277,63.31151197,13.86409978,40.17736217,31.71231903,26.32739336,11.66615392,14.45458316
319,50.02207536,63.31152747,14.00351425,40.12583365,31.84575393,26.34929823,11.66725552,14.64122771
320,50.02761358,63.31194535,14.07913878,40.07442013,31.82842424,26.37832067,11.67689007,14.35089175
321,50.01818268,63.30996249,14.03754087,40.02324391,31.89310613,26.36572623,11.6777051,15.0145168
322,50.04123235,63.31314676,14.14574357,39.97388361,32.00289772,26.41096645,11.70126965,14.64122771
323,50.04249477,63.3131669,14.13799016,39.92355951,31.94697218,26.40109066,11.70886916,14.68270427
324,50.04200023,63.31354152,14.17592496,39.87349471,31.90944646,26.4087724,11.72014443,14.41310659
325,50.03915975,63.31269823,14.05431737,39.82269576,31.79908904,26.33207419,11.72163512,14.45458316
326,50.03265826,63.31241226,14.03228874,39.77255727,31.8059776,26.30879567,11.72474814,14.39236831
327,50.02543507,63.31053573,14.01965482,39.72215898,31.74017513,26.27989976,11.72480392,14.49605973
328,50.02730603,63.31010792,14.04363791,39.67231226,31.73194373,26.30934429,11.72730729,14.55827457
329,50.0338646,63.31243205,14.09602326,39.62336512,31.81732419,26.29263716,11.73162637,14.82787225
330,50.0390605,63.31287201,14.19703669,39.57466006,31.78255145,26.33691705,11.7452155,14.20572377
331,50.03650125,63.31152679,14.01974398,39.52438629,31.62878049,26.25887063,11.7378491,14.24720033
332,50.03732843,63.31196385,13.9478874,39.47476176,31.61437357,26.20260162,11.73292534,14.35089175
333,50.03840019,63.31216954,13.98776889,39.42526723,31.56004124,26.23884586,11.73198455,14.24720033
334,50.03482605,63.31077356,13.98390001,39.37651,31.64236104,26.25003501,11.7265677,14.78639569
335,50.04668133,63.31232028,14.1073103,39.32878268,31.66438928,26.27709753,11.74205928,14.30941518
336,50.03992181,63.31131389,13.95854114,39.28017694,31.61402675,26.23142376,11.73957032,14.41310659
337,50.03662345,63.31155782,13.97961025,39.23195341,31.58623248,26.22186629,11.73478152,14.47532144
338,50.04482476,63.31332349,14.01078845,39.18425815,31.60238965,26.23620263,11.73465954,14.39236831
339,50.04319685,63.31317447,14.03471919,39.13734744,31.72148777,26.24720957,11.73160697,14.95230195
340,50.05027455,63.31424037,14.18272511,39.09180763,31.81246923,26.30957575,11.74584608,14.74491912
341,50.06686376,63.31637316,14.13367215,39.04548266,31.73650908,26.25793414,11.75543085,14.53753629
342,50.06141217,63.31707411,14.11098968,38.99899468,31.69222519,26.24277227,11.76150191,14.78639569
343,50.06515789,63.31678025,14.21748786,38.95438824,31.87826126,26.29435398,11.77061789,15.09746993
344,50.0748056,63.31762272,14.33086706,38.90986696,31.85370502,26.32935975,11.78911373,14.80713397
345,50.07547525,63.31816928,14.25251448,38.86471988,31.77578767,26.29388558,11.80344279,14.43384488
346,50.07662448,63.3187147,14.13698322,38.81852376,31.62878239,26.23342888,11.80197696,14.41310659
347,50.07332681,63.318236,14.12130851,38.77314245,31.66496439,26.23394904,11.80012765,14.7656574
348,50.08815512,63.31931725,14.20750553,38.72863101,31.69239467,26.26394065,11.81067103,14.72418084
349,50.09020434,63.31996711,14.18243845,38.68392915,31.64545742,26.24725032,11.82017463,14.49605973
350,50.09495543,63.32036444,14.13863308,38.63881153,31.57802607,26.21180401,11.81619856,14.62048942
351,50.09007004,63.31912034,14.19388283,38.59438589,31.59183347,26.21894815,11.81898532,14.59975114
352,50.09924454,63.32065492,14.1616376,38.55003939,31.57989828,26.18207516,11.81945214,14.70344255
353,50.09513417,63.3193948,14.18003864,38.50685672,31.70136611,26.20787816,11.82368558,14.99377852
354,50.10790005,63.32048726,14.26155806,38.46420097,31.7268656,26.25236611,11.83506163,14.82787225
355,50.11705383,63.32211919,14.2492508,38.42090027,31.63856868,26.2139829,11.84432575,14.47532144
356,50.10818916,63.32104293,14.12819615,38.37731424,31.60837999,26.17768551,11.84084037,14.62048942
357,50.10305774,63.31969561,14.22414546,38.33444363,31.63577216,26.1991817,11.84254918,14.84861054
358,50.112196,63.32099356,14.32104676,38.29179463,31.58668151,26.24909737,11.85164482,14.68270427
359,50.12111594,63.3216506,14.2623105,38.24912438,31.56985617,26.24279031,11.85400475,14.74491912
360,50.12540852,63.32199783,14.22053451,38.20680626,31.57023224,26.20362299,11.86145068,14.7656574
361,50.12409676,63.32315279,14.25481588,38.16544327,31.68662764,26.20594518,11.86751534,14.93156367
362,50.12684613,63.32414663,14.33984042,38.12392383,31.63077214,26.18672425,11.8770575,14.66196599
363,50.12775247,63.32417561,14.29927252,38.08204336,31.58040518,26.18103622,11.87779145,14.95230195
364,50.12482062,63.32404614,14.34030115,38.04144719,31.65957035,26.19650553,11.88860048,14.59975114
365,50.1296252,63.32551106,14.20834127,37.99915001,31.46862091,26.13501396,11.88834762,14.47532144
366,50.13189036,63.32475344,14.10288476,37.9560896,31.25533389,26.07142221,11.88187687,13.39693073
367,50.08746673,63.31943119,13.78448238,37.90995067,30.90011093,25.94112079,11.84664904,13.14807134
368,50.04627191,63.31399568,13.63140609,37.86295183,30.62739187,25.83930908,11.80359489,12.87847366
369,50.00635587,63.30862776,13.50870994,37.81566885,30.49270823,25.75998399,11.75219341,13.06511821
370,49.99148812,63.3064745,13.54049063,37.76921273,30.48118436,25.76968414,11.71181422,12.96142679
371,49.9729479,63.30426201,13.46013638,37.72192862,30.32627404,25.74167108,11.6735593,12.79552053
372,49.95096857,63.30118915,13.39102998,37.67499319,30.3189904,25.67882944,11.62740249,13.00290336
373,49.94335551,63.30009994,13.42132269,37.62911206,30.39565884,25.69205405,11.58810286,13.12733306
374,49.93558469,63.29910842,13.44702955,37.5831302,30.33902925,25.68370742,11.55404772,12.79552053
375,49.90961013,63.29553572,13.33513797,37.5364324,30.24282492,25.60908774,11.5115102,12.81625881
376,49.897207,63.29375257,13.33130551,37.49005375,30.20797528,25.58836972,11.4721026,12.73330568
377,49.88685424,63.29231856,13.32563368,37.44346854,30.14171215,25.56241537,11.43155822,12.62961427
378,49.87654417,63.29084189,13.24759479,37.39667325,30.0642254,25.54101258,11.39221918,12.54666114
379,49.8615965,63.28861237,13.27945122,37.35050085,30.1145116,25.52916264,11.35150913,12.91995023
380,49.85532581,63.28819014,13.35532104,37.3051415,30.13206478,25.56186906,11.32289834,12.69182912
381,49.84153337,63.28672246,13.3027027,37.2593731,30.09316464,25.50061421,11.28734708,12.77478225
382,49.83320424,63.28538417,13.34072984,37.21413027,30.10108004,25.52205984,11.25907603,12.65035255
383,49.8167825,63.28337591,13.35576429,37.16867076,30.06370115,25.52101884,11.22631845,12.7125674
384,49.80875146,63.28219393,13.35285835,37.12328475,30.00281565,25.49397653,11.19408833,12.62961427
385,49.80072733,63.28109114,13.30063593,37.07840916,30.04343969,25.47181372,11.1615416,12.75404397
386,49.79256541,63.27971263,13.34413861,37.03371818,30.02086601,25.484039,11.13275308,12.5881377
387,49.78678575,63.27878467,13.26231156,36.98913727,30.03434238,25.44583292,11.10482953,12.81625881
388,49.77809029,63.27773533,13.37878683,36.94519848,30.04840412,25.4747516,11.08352238,12.79552053
389,49.77641491,63.27786445,13.31942655,36.90107899,29.99092659,25.45527813,11.06044133,12.56739942
390,49.77046833,63.27707472,13.23114584,36.85666418,29.9392924,25.42153783,11.03344367,12.62961427
391,49.75966929,63.27606411,13.23542409,36.81283563,29.95930829,25.40197996,11.01124237,12.91995023
392,49.75954629,63.27604131,13.38921791,36.77004801,30.02583631,25.44839115,10.99536022,12.65035255
393,49.74990122,63.27495791,13.35873059,36.72639457,29.94579485,25.423091,10.97299696,12.75404397
394,49.74605722,63.27458731,13.41797055,36.68355388,29.97925347,25.44701437,10.95314987,12.75404397
395,49.74134653,63.27407402,13.44389924,36.6408309,29.97734325,25.44803967,10.93298607,12.62961427
396,49.73293252,63.27279325,13.33118297,36.59739931,29.85347499,25.39115457,10.91017239,12.38075487
397,49.72442644,63.27169279,13.25176248,36.55399602,29.83265488,25.35885991,10.88165051,12.65035255
398,49.72626032,63.27161841,13.25560906,36.51088332,29.76284383,25.37315298,10.8613021,12.21484861
399,49.71151047,63.26965996,13.117534,36.46703418,29.68731283,25.30204178,10.8285324,12.40149316
400,49.7040648,63.26858818,13.16469263,36.42412925,29.72531215,25.29749295,10.80524347,12.48444629
401,49.69868012,63.26756939,13.21819333,36.38145016,29.72057587,25.30148149,10.78407795,12.65035255
402,49.70406236,63.26899319,13.24546118,36.3397024,29.79129466,25.32064215,10.77091714,12.54666114
403,49.70023785,63.26861362,13.19487833,36.29740744,29.72187948,25.30056248,10.75359045,12.463708
404,49.69550104,63.26794643,13.20051996,36.25594234,29.81451671,25.29969839,10.73415661,12.73330568
405,49.69084829,63.26750852,13.29138196,36.21482947,29.80620268,25.32036337,10.72300808,12.5881377
406,49.69267245,63.26792633,13.29284265,36.17375678,29.8108988,25.3137379,10.7079699,12.52592285
407,49.68917026,63.26711875,13.24659014,36.13226063,29.72401684,25.2706853,10.69044361,12.40149316
408,49.68242317,63.26620314,13.18939178,36.09034096,29.61346456,25.23289438,10.66955279,12.15263376
409,49.67587532,63.26543289,13.04253057,36.04794391,29.51612686,25.1836479,10.64509245,12.06968063
410,49.66613658,63.26413555,13.02499609,36.00601946,29.53712405,25.18151766,10.61573122,12.31854002
411,49.66792204,63.26461627,13.09317625,35.96466468,29.53802224,25.18525534,10.5989131,12.38075487
412,49.66225045,63.26382378,13.13341742,35.92394102,29.59208478,25.18778137,10.58261399,12.44296972
413,49.65772564,63.26355099,13.1212209,35.88359824,29.62680323,25.17131207,10.56855124,12.52592285
414,49.65823826,63.26331147,13.18821461,35.84348822,29.62238906,25.20758228,10.5590494,12.50518457
415,49.65288186,63.26246909,13.18448317,35.80356486,29.62181837,25.19430234,10.54984105,12.40149316
416,49.64808895,63.26214152,13.19833863,35.76337237,29.56852157,25.17546968,10.53536403,12.40149316
417,49.64123315,63.26110053,13.21270114,35.72289222,29.46434475,25.17040889,10.52020872,12.00746578
418,49.63200628,63.25964252,13.09654871,35.68223214,29.45961172,25.13186134,10.49690603,12.48444629
419,49.62991725,63.25891773,13.20806928,35.64268698,29.48017619,25.15170809,10.48777894,12.06968063
420,49.62623187,63.25871258,13.07231991,35.60223951,29.4150793,25.10351321,10.46828889,12.40149316
421,49.63161222,63.25938304,13.10556813,35.56331088,29.51592858,25.10501417,10.45661536,12.65035255
422,49.63104498,63.25915815,13.27802725,35.52526267,29.60535469,25.15123674,10.45568292,12.56739942
423,49.62893419,63.25914242,13.26067329,35.48667067,29.54378094,25.13189399,10.4490682,12.29780174
424,49.623867,63.25861587,13.14518537,35.44746028,29.45092692,25.10184126,10.43752402,12.23558689
425,49.61712812,63.25784772,13.05317473,35.40864245,29.45757565,25.06793853,10.42176945,12.40149316
426,49.61580153,63.25749587,13.10506442,35.37003373,29.41808065,25.06717963,10.41114052,12.38075487
427,49.61418602,63.25724933,13.14896495,35.33132293,29.35550339,25.06789111,10.40051668,12.13189548
428,49.60540342,63.25642008,13.06625536,35.29270513,29.37639183,25.03413136,10.38637934,12.50518457
429,49.60154876,63.25613118,13.22632846,35.25521297,29.44153993,25.07548354,10.38041361,12.27706346
430,49.59816586,63.25556735,13.17346075,35.21708948,29.39248686,25.04993566,10.36848631,12.50518457
431,49.60354439,63.25691506,13.21711132,35.18005603,29.46005459,25.06543221,10.36144892,12.36001659
432,49.60231053,63.25678081,13.20771572,35.14272645,29.44522821,25.07241835,10.35284618,12.50518457
433,49.60032098,63.25670871,13.24784711,35.10562651,29.40653683,25.07779985,10.34896737,12.31854002
434,49.59461612,63.25556,13.20256436,35.06859219,29.41799598,25.05464537,10.33963645,12.44296972
435,49.59187187,63.25539441,13.25370771,35.03202733,29.43386476,25.07949878,10.3339996,12.50518457
436,49.59134523,63.25557613,13.26432237,34.99551662,29.40257299,25.08266689,10.33016418,12.44296972
437,49.58681671,63.25463559,13.2244491,34.95880788,29.34036491,25.04502891,10.32410541,12.06968063
438,49.58080418,63.2537108,13.09719384,34.9213781,29.25997971,24.96747,10.30839056,12.04894235
439,49.57718093,63.25343558,13.01882,34.88405036,29.21591781,24.93294304,10.29260403,12.15263376
440,49.57519731,63.25291283,12.97165766,34.84740707,29.25009558,24.92827881,10.28057526,12.27706346
441,49.57561564,63.25332107,13.05762397,34.81097923,29.23576006,24.93807151,10.27330044,12.25632518
442,49.57444176,63.25293187,13.12404512,34.77504998,29.28484887,24.97244161,10.26549299,12.44296972
443,49.57644242,63.25335899,13.16085412,34.73939193,29.27077141,24.97646612,10.26669334,12.1111572
444,49.57191417,63.25272957,13.07199926,34.70340414,29.26860025,24.93502589,10.2540931,12.29780174
445,49.57202398,63.25247241,13.09414823,34.66764292,29.22417972,24.94701206,10.24918664,12.31854002
446,49.57327025,63.25249736,13.07277559,34.63178876,29.15192306,24.90385621,10.24389861,12.1111572
447,49.56667929,63.25187114,13.04167506,34.59639332,29.22166304,24.90705402,10.23331443,12.31854002
448,49.56330766,63.25163965,13.07331273,34.56128654,29.21515797,24.9141954,10.22746492,12.15263376
449,49.55969143,63.25149947,13.06275709,34.52604044,29.20172437,24.90094658,10.21882431,12.42223144
450,49.55586698,63.25100186,13.18435259,34.49151597,29.21382514,24.92574172,10.21712667,12.1111572
451,49.55068168,63.25033788,13.12693833,34.45627529,29.15212779,24.89118447,10.20665071,12.06968063
452,49.55203702,63.25010933,13.03960922,34.42115907,29.12575305,24.8514673,10.19535373,12.29780174
453,49.5535446,63.25050516,13.04763821,34.38675621,29.14470494,24.85209661,10.18868455,12.23558689
454,49.55426139,63.25083967,13.09488252,34.35224464,29.12129802,24.8758292,10.18265414,11.9867275
455,49.54859694,63.25016164,12.9842048,34.31731106,29.07655429,24.83521864,10.16917388,12.13189548
456,49.54732692,63.24989186,13.01724977,34.28288423,29.07389166,24.84148901,10.16020276,12.19411033
457,49.54195616,63.2490774,13.02289758,34.24844786,29.02362557,24.81183953,10.15389807,11.96598922
458,49.53975205,63.24862765,12.94676513,34.21400316,29.03022306,24.78841414,10.14321359,12.19411033
459,49.53592159,63.24796755,13.01642548,34.17957247,28.94567791,24.78341024,10.13794578,11.90377437
460,49.53082896,63.24740847,12.93926645,34.14473534,28.88694435,24.75435313,10.12362482,11.80008295
461,49.52463604,63.24669348,12.92932893,34.11009515,28.8910851,24.74849558,10.10685864,12.04894235
462,49.52332933,63.2465141,12.97284346,34.07590344,28.87177907,24.76534896,10.09981444,11.96598922
463,49.5219858,63.24638185,12.9823935,34.04234945,28.96152695,24.76207626,10.08940283,12.27706346
464,49.52236047,63.24618093,13.07520514,34.00971345,29.04288175,24.78777733,10.0867757,12.19411033
465,49.51780098,63.24543064,13.07185202,33.97645527,28.96793241,24.77183076,10.08313573,11.82082124
466,49.51754579,63.24548118,12.95343711,33.94314212,28.99608277,24.73619033,10.06991394,12.27706346
467,49.51902043,63.24553061,13.07627297,33.91050333,28.97108294,24.75767739,10.06990575,12.04894235
468,49.51369333,63.24488059,13.06323156,33.87790548,28.99799982,24.75819572,10.06190297,12.23558689
469,49.51076986,63.24456395,13.08869215,33.84549002,28.96369678,24.75552334,10.06160049,11.8622978
470,49.50771237,63.24424727,12.9881186,33.81219995,28.87382624,24.70897017,10.0492421,11.94525093
471,49.50571837,63.24426787,12.9610117,33.77976246,28.9258795,24.71103549,10.04243433,12.42223144
472,49.50874582,63.24486607,13.14002654,33.74832587,28.96038146,24.7599053,10.04823032,11.88303608
473,49.50732142,63.244813,12.99733732,33.71571926,28.89605445,24.70264286,10.03845877,12.19411033
474,49.50564175,63.24452366,13.08842129,33.68411354,28.92285685,24.733222,10.03433092,11.82082124
475,49.49983447,63.2437452,12.94563515,33.65154187,28.84563912,24.67906345,10.02198836,12.09041891
476,49.49908593,63.2434426,13.01996731,33.62014389,28.90662133,24.70683017,10.01831682,12.25632518
477,49.49964951,63.24372476,13.10853047,33.58940542,28.97256347,24.73835624,10.01805514,12.38075487
478,49.50287136,63.24416535,13.23097473,33.55936066,29.05766059,24.77495687,10.02238932,12.40149316
479,49.50432111,63.24453374,13.22049011,33.52889411,28.9918791,24.75936187,10.02660169,11.92451265
480,49.50095281,63.24404923,13.05430531,33.49765105,28.93360619,24.6951376,10.01493469,12.40149316
481,49.50396301,63.24456135,13.13630217,33.4681406,29.04302231,24.72650045,10.02135395,12.33927831
482,49.5053017,63.24474896,13.15628227,33.43839447,29.04388518,24.73489975,10.02738092,12.40149316
483,49.5043155,63.24431431,13.21902495,33.40871982,29.01329667,24.73630663,10.02966619,12.23558689
484,49.50205316,63.24427569,13.19690958,33.3782534,28.88644573,24.71945989,10.03082824,11.9867275
485,49.49760621,63.24359337,13.09552934,33.34762902,28.8430123,24.6881691,10.02135882,12.09041891
486,49.49309742,63.24281653,13.06630726,33.3176904,28.88471482,24.67059109,10.01708988,12.17337204
487,49.49313535,63.24274685,13.04686298,33.28764773,28.83718549,24.67536928,10.01764049,12.15263376
488,49.48998198,63.24226938,13.06846936,33.25771962,28.81482205,24.66464541,10.01518762,11.92451265
489,49.48655561,63.24196151,12.95707372,33.22715077,28.7333212,24.58288537,10.00503403,11.94525093
490,49.48285565,63.2412374,12.95975419,33.19682722,28.70831458,24.60579195,9.997714773,11.90377437
491,49.47789995,63.2407673,12.9179804,33.16667864,28.71099957,24.59694261,9.988962524,12.15263376
492,49.48121688,63.24139814,13.02740052,33.13749848,28.7808803,24.62969307,9.990120468,12.19411033
493,49.48030837,63.24132215,13.07425923,33.10863819,28.8278392,24.653763,9.990537586,12.06968063
494,49.4813309,63.24174484,13.0247225,33.07945565,28.80266864,24.61982703,9.986936925,12.15263376
495,49.47760371,63.24141986,13.04639775,33.05028696,28.74771413,24.6112463,9.988101171,11.80008295
496,49.4723497,63.2406938,12.93582655,33.02058379,28.70229429,24.58244729,9.976313857,11.9867275
497,49.46822025,63.24011527,12.94408777,32.9918423,28.76807991,24.58904729,9.972063819,12.463708
498,49.47083426,63.24051205,13.13337099,32.96440669,28.86149851,24.64529518,9.978889352,12.04894235
499,49.46615639,63.23992582,13.1091377,32.935903,28.81084639,24.62646403,9.97615573,12.25632518
500,49.46487119,63.2399543,13.16232957,32.90779413,28.77371038,24.61997021,9.979243552,12.00746578
501,49.46272013,63.23975903,13.04942596,32.87942917,28.75640258,24.58733934,9.975338718,12.13189548
502,49.45843497,63.23926977,13.05024544,32.85135803,28.74086756,24.57749232,9.97361042,12.09041891
503,49.45677167,63.23901433,13.10616182,32.82353247,28.76115308,24.59383836,9.969255495,12.1111572
504,49.45713134,63.23902567,13.11559367,32.79571644,28.74292997,24.58285962,9.966453101,12.13189548
505,49.45837094,63.23918151,13.07126462,32.76826921,28.76527934,24.58404052,9.964279936,12.09041891
506,49.45438336,63.23856046,13.03919777,32.74065193,28.73409253,24.57017643,9.961009497,12.00746578
507,49.45124265,63.23822323,13.05877151,32.71311592,28.73203732,24.56830786,9.955304821,12.21484861
508,49.45149021,63.23803776,13.07941037,32.68608611,28.73742062,24.56191211,9.958349319,12.17337204
509,49.44939026,63.23792029,13.12515976,32.65907842,28.73062961,24.56107673,9.961726145,12.17337204
510,49.44709097,63.23794583,13.1641963,32.6321047,28.70968354,24.56443586,9.962321096,12.04894235
511,49.44761353,63.23786006,13.04509251,32.60494612,28.67964385,24.54618172,9.957522352,11.8622978
512,49.44213634,63.2370907,12.97193717,32.57716724,28.58901628,24.50450568,9.948265943,12.04894235
513,49.43764567,63.2366593,13.02110535,32.55043966,28.65121385,24.51592131,9.946237834,12.04894235
514,49.43790902,63.23692439,13.03770766,32.52371356,28.65396366,24.50864653,9.945077297,12.06968063
515,49.43623769,63.2366463,13.03929303,32.49722515,28.66761694,24.5274078,9.943630255,12.25632518
516,49.43578557,63.23659895,13.12193316,32.4709123,28.63003969,24.53704647,9.947099807,11.90377437
517,49.43279825,63.23624899,13.0424509,32.44462295,28.68827272,24.52913138,9.939320814,12.42223144
518,49.43841303,63.2373885,13.17655003,32.41941054,28.73232504,24.56184993,9.948055521,12.1111572
519,49.43416581,63.23681714,13.13896572,32.39357604,28.70901902,24.53995301,9.945439167,12.31854002
520,49.4357195,63.23701173,13.22187745,32.36841893,28.73207792,24.54859108,9.951213462,12.19411033
521,49.43782675,63.23704611,13.18325636,32.34277708,28.67231946,24.51414891,9.952890152,11.96598922
522,49.4340385,63.23661836,13.07579628,32.3166036,28.59634277,24.48358345,9.948768054,11.8622978
523,49.42851777,63.23601548,12.96910245,32.2904863,28.57906071,24.44284062,9.940176497,12.1111572
524,49.4277383,63.2356485,12.99561237,32.26459621,28.52108791,24.45462508,9.94048805,11.75860639
525,49.42225281,63.23507771,12.90337321,32.23833143,28.50441786,24.42287947,9.930212089,12.09041891
526,49.42279184,63.2352339,12.95013678,32.21315368,28.56655908,24.43947788,9.928899685,12.15263376
527,49.42436886,63.23573234,13.02951098,32.18814566,28.58462162,24.45444827,9.928451305,12.09041891
528,49.42424122,63.23545725,13.0564629,32.16293782,28.55212354,24.44934259,9.927160505,12.04894235
529,49.4199577,63.23509844,13.0143683,32.13788097,28.55264775,24.42494418,9.926034922,12.27706346
530,49.42068212,63.23504076,13.13842443,32.11330559,28.55107169,24.465452,9.932731287,12.00746578
531,49.41692857,63.23478422,13.12036626,32.08873272,28.60104189,24.45314932,9.929661294,12.13189548
532,49.4146219,63.23429868,13.12223338,32.06455864,28.63502872,24.4544815,9.92902278,12.27706346
533,49.41550302,63.23452858,13.18643464,32.0408852,28.67255513,24.47099422,9.932469011,12.23558689
534,49.41590462,63.2349244,13.16646301,32.01678169,28.60762098,24.46448762,9.937743924,12.06968063
535,49.41418707,63.23484354,13.08016142,31.99274564,28.61423722,24.43291934,9.935276404,12.31854002
536,49.4155178,63.234871,13.18715013,31.9689223,28.56533448,24.45870749,9.940850388,11.92451265
537,49.4118231,63.23420132,13.07780285,31.94420879,28.47952653,24.38974677,9.933216221,11.94525093
538,49.40635914,63.233585,13.0548008,31.91997177,28.49465902,24.40294736,9.9297092,12.1111572
539,49.40563439,63.23330039,13.1037893,31.89646411,28.55852038,24.42222961,9.929646025,12.04894235
540,49.40304254,63.23301348,13.0531398,31.87267279,28.53642452,24.41570583,9.928927065,12.15263376
541,49.40097234,63.23268193,13.14226578,31.84897759,28.4947678,24.41599223,9.927089152,11.80008295
542,49.39949088,63.23259983,13.00106243,31.82431163,28.38721223,24.35768774,9.917781973,11.71712982
543,49.39870424,63.23250077,12.87523666,31.79949052,28.31450606,24.30566568,9.9038477,11.71712982
544,49.3922029,63.2315987,12.80995844,31.77510967,28.3349286,24.29832588,9.891012035,12.00746578
545,49.3940859,63.23171443,12.94090833,31.75184986,28.43194595,24.3386348,9.889428212,12.13189548
546,49.394306,63.23169103,13.00118154,31.72818336,28.35386844,24.34638016,9.892191443,11.80008295
547,49.39309884,63.23174282,12.91722715,31.70484447,28.44194176,24.33287857,9.883983458,12.15263376
548,49.39592819,63.2320462,13.0786177,31.6821461,28.47277622,24.37924824,9.885385446,12.00746578
549,49.39422482,63.23185539,13.04448229,31.65904157,28.43744126,24.34007895,9.88613604,12.04894235
550,49.39612353,63.23241437,13.09591589,31.63593237,28.38952625,24.35116069,9.885450394,11.80008295
551,49.39254357,63.23187841,12.99585108,31.61235559,28.33653306,24.32143828,9.877326371,12.04894235
552,49.39090818,63.23163595,13.03809138,31.58985652,28.40674831,24.35330805,9.877526153,12.06968063
553,49.39113436,63.23170976,13.04776767,31.56713407,28.37687204,24.34026771,9.877779064,11.9867275
554,49.39139914,63.23153348,13.04390861,31.54497671,28.45956451,24.35542925,9.87565,12.06968063
555,49.3938415,63.23189781,13.06457035,31.52295724,28.47704734,24.376219,9.876539943,12.17337204
556,49.39311566,63.23175029,13.06496509,31.50100196,28.44928423,24.37791253,9.88199669,12.00746578
557,49.3920999,63.23162473,13.02726268,31.4790956,28.47006691,24.34526897,9.882674827,12.06968063
558,49.39354168,63.23186998,13.0201311,31.4568147,28.38141187,24.33077947,9.88335228,11.90377437
559,49.38925563,63.23145223,13.00262081,31.43449,28.35934487,24.31366426,9.879182476,12.21484861
560,49.38953436,63.23159239,13.10481062,31.41330689,28.43863019,24.35496875,9.884182486,12.13189548
561,49.38795401,63.23131481,13.08136218,31.39178918,28.42080014,24.34407883,9.88361659,11.96598922
562,49.38427013,63.23085085,13.07017101,31.36990278,28.37629694,24.30859038,9.881582244,12.29780174
563,49.38234431,63.23066014,13.19002674,31.34925735,28.45630061,24.35607344,9.888795803,12.09041891
564,49.38255468,63.23055415,13.17267604,31.32768944,28.37444261,24.33965857,9.889632559,11.88303608
565,49.37993419,63.23022234,13.04906743,31.30572045,28.30902552,24.3028842,9.88278639,11.92451265
566,49.37837675,63.22983346,12.98687259,31.28402018,28.29543964,24.26984605,9.879015082,11.94525093
567,49.37693649,63.22970177,13.0219463,31.26252205,28.29933525,24.27887658,9.876022229,11.92451265
568,49.3759978,63.22926009,12.99180086,31.24073932,28.24086903,24.26517716,9.871252032,11.7378681
569,49.37315021,63.22897493,12.90582431,31.21848114,28.16679975,24.21966039,9.862379733,11.55122356
570,49.37022913,63.22857591,12.79789462,31.19610903,28.14436524,24.18526632,9.847209858,11.82082124
571,49.36815317,63.22836229,12.85874442,31.17454061,28.17658047,24.20510607,9.841674377,11.84155952
572,49.36656248,63.22792171,12.9094177,31.15309639,28.18805034,24.20183319,9.836846391,11.8622978
573,49.36430949,63.22757622,12.93441651,31.13158636,28.15813628,24.20435465,9.830761781,11.84155952
574,49.35993823,63.22700069,12.95285616,31.11045595,28.19612432,24.21428626,9.830203832,11.92451265
575,49.35971081,63.22690547,12.98835346,31.08982094,28.25467437,24.22303153,9.829186251,11.9867275
576,49.35910249,63.22683534,12.99897396,31.06948665,28.29471074,24.23483811,9.829661065,12.23558689
577,49.35889985,63.22688923,13.11161554,31.04978694,28.33399661,24.27402145,9.835957801,12.00746578
578,49.35822036,63.22685637,13.08486442,31.02938178,28.27778412,24.24377646,9.836885388,12.09041891
579,49.35745816,63.22683911,13.0641535,31.00938901,28.28373743,24.2534313,9.838834417,11.75860639
580,49.35343619,63.22631302,12.96326947,30.98849251,28.20728396,24.19727665,9.830328275,11.94525093
581,49.35424979,63.22646991,13.01824304,30.9683543,28.23144875,24.21891233,9.828632901,11.88303608
582,49.35390595,63.22639106,12.99327823,30.94820426,28.23850949,24.19070154,9.828882893,12.04894235
583,49.35442916,63.22640408,13.04903346,30.9285401,28.25964682,24.20981291,9.832079284,12.13189548
584,49.35757932,63.22693982,13.11117622,30.90923642,28.29109751,24.21780397,9.835412541,12.09041891
585,49.35776351,63.22679465,13.12491206,30.88946934,28.22285502,24.2253682,9.840048363,11.59270012
586,49.35424298,63.22622407,12.91495614,30.86869628,28.14156192,24.17128831,9.827441932,11.84155952
587,49.35319562,63.22612156,12.87794445,30.84848487,28.114007,24.16265133,9.823833232,11.75860639
588,49.35080786,63.22578251,12.90707192,30.82848591,28.14259876,24.1518466,9.819425156,12.00746578
589,49.35125953,63.22590666,13.01258047,30.80888615,28.13809336,24.18332244,9.820807903,11.77934467
590,49.35023045,63.22590789,12.92111145,30.78886438,28.10855697,24.15223759,9.817088685,11.7378681
591,49.34950303,63.22547699,12.85336349,30.76879951,28.08343225,24.14458079,9.812486181,11.80008295
592,49.34599783,63.22495445,12.88066444,30.74899257,28.0818064,24.14092279,9.808833289,11.71712982
593,49.34475688,63.22479151,12.86119265,30.72926247,28.09816474,24.13296912,9.800499804,12.1111572
594,49.34557489,63.22487597,12.9816069,30.71064242,28.1674603,24.1697904,9.803469595,11.67565326
595,49.34142133,63.2242516,12.90625797,30.69093098,28.11579125,24.12765194,9.79730766,11.84155952
596,49.34181442,63.22431255,12.88230353,30.67141619,28.06400612,24.1253545,9.79407172,11.59270012
597,49.33937803,63.22385267,12.81003081,30.65155458,28.0326374,24.07871214,9.782913071,11.80008295
598,49.33595911,63.22336775,12.85767097,30.63231734,28.05160252,24.10966167,9.778191714,11.88303608
599,49.33533447,63.22322893,12.84805693,30.61354226,28.0976024,24.1084969,9.777704004,11.7378681
600,49.33371911,63.2230513,12.80848968,30.59452609,28.10032916,24.0845978,9.771243264,12.15263376
601,49.33481632,63.22320661,12.97795652,30.57659651,28.15599241,24.12981033,9.778706159,11.88303608
602,49.33520482,63.22309264,12.97883832,30.5580981,28.14217182,24.13077643,9.776685882,11.84155952
603,49.33420914,63.22301007,12.97701624,30.5394147,28.100248,24.11941357,9.773490019,11.8622978
604,49.33377462,63.2228999,12.91124628,30.52045985,28.01458441,24.088026,9.77217362,11.57196184
605,49.32919808,63.22235924,12.80450789,30.50134846,28.01285587,24.04966507,9.762025168,11.69639154
606,49.32737345,63.22216858,12.77547665,30.48235184,27.98143124,24.0565537,9.757408931,11.63417669
607,49.32520387,63.22184715,12.78835536,30.4631953,27.94112338,24.04215704,9.749978404,11.53048528
608,49.32182857,63.22137515,12.74123601,30.44410732,27.94506954,24.04251423,9.740735758,11.92451265
609,49.32316027,63.22157435,12.88373362,30.42614087,28.01273968,24.08605648,9.742373779,11.8622978
610,49.32273707,63.22160905,12.87687893,30.40767192,27.95980769,24.07983958,9.740666697,11.55122356
611,49.31799969,63.221009,12.83296152,30.38894026,27.9588243,24.0497722,9.731897647,12.02820406
612,49.31838397,63.22106054,12.98606331,30.37138332,28.01127591,24.09009059,9.737984172,11.71712982
613,49.31722264,63.22089571,12.92688527,30.35361541,28.06735661,24.07053437,9.735842737,12.23558689
614,49.32012145,63.22135354,13.09014916,30.33715182,28.15442987,24.13254647,9.746642021,11.75860639
615,49.31857336,63.22118098,12.96826882,30.31904811,28.03205243,24.09265946,9.741824835,11.82082124
616,49.31756154,63.22090831,12.96157848,30.30139426,28.02076775,24.07202032,9.737121985,11.80008295
617,49.31571517,63.22055179,12.89788928,30.28417293,28.07892173,24.05811528,9.734927952,11.94525093
618,49.31597959,63.22064591,12.95581043,30.26723751,28.09842946,24.0665836,9.734624571,11.84155952
619,49.31579429,63.22056645,12.94522687,30.25010024,28.08545271,24.06126704,9.73177391,11.90377437
620,49.31533697,63.22060142,12.94572821,30.23254107,27.97884063,24.05772502,9.733629716,11.34384073
621,49.31352973,63.22038878,12.71456577,30.21403335,27.90813881,23.9578475,9.716110402,11.88303608
622,49.31070822,63.21977215,12.83002922,30.19676986,27.92615681,24.02016566,9.720554536,11.55122356
623,49.30549661,63.21895755,12.75696269,30.1788028,27.88907572,23.9781423,9.713152932,11.84155952
624,49.304496,63.21867368,12.80465749,30.16206391,27.98427277,23.99111318,9.712751092,11.92451265
625,49.30261485,63.21844427,12.91423096,30.14525151,27.97722918,24.03137622,9.716318151,11.69639154
626,49.30299082,63.21858976,12.85847703,30.12809052,27.96165366,24.01204877,9.712657298,11.82082124
627,49.30416106,63.21865395,12.90372502,30.11134977,27.97619272,24.02217702,9.711722989,11.8622978
628,49.30394179,63.21860748,12.95429545,30.09487211,28.00225093,24.03083623,9.714356241,11.96598922
629,49.30402994,63.2186462,13.00949334,30.07863174,28.01128464,24.04324845,9.718297556,11.75860639
630,49.3011184,63.21819306,12.93819418,30.0620212,27.994758,24.04012181,9.715580586,12.02820406
631,49.30261802,63.218361,13.028452,30.04590972,27.98285093,24.05482429,9.72409838,11.67565326
632,49.30079868,63.21811133,12.96410349,30.02958681,28.02400859,24.01791354,9.718830127,12.13189548
633,49.30300614,63.21837736,13.08581706,30.01380566,27.99613503,24.0476487,9.726064703,11.71712982
634,49.30192385,63.21819751,12.92298948,29.99717004,27.93935753,24.00127173,9.723191768,11.75860639
635,49.29890207,63.21783838,12.89427197,29.98071252,27.91849486,23.9759399,9.722229011,11.8622978
636,49.29667183,63.21755142,12.94845393,29.96460163,27.92430146,23.99639776,9.724987434,11.75860639
637,49.29573408,63.21734602,12.94064356,29.94817597,27.88873086,23.98484462,9.723105403,11.48900871
638,49.29413989,63.21723639,12.81792963,29.9311101,27.82420712,23.94071945,9.71136741,11.75860639
639,49.29258027,63.21702916,12.88049645,29.91518868,27.90082989,23.9538066,9.707816393,11.80008295
640,49.29316555,63.216994,12.92333934,29.89949703,27.94691819,23.97848364,9.707315741,11.96598922
641,49.29417997,63.21711727,12.95778348,29.88404692,27.94938123,23.98201044,9.709194379,11.92451265
642,49.29458104,63.21710705,12.99681861,29.86841941,27.91776581,23.99195321,9.710076352,11.65491497
643,49.29249988,63.21678314,12.88065161,29.85246624,27.90768471,23.96827082,9.704584511,11.7378681
644,49.29151919,63.21661547,12.86597391,29.83654172,27.87214632,23.94974276,9.703828533,11.8622978
645,49.29123309,63.21645759,12.91283296,29.82120895,27.90929695,23.97282038,9.705505476,11.94525093
646,49.29411854,63.21688368,12.98905829,29.80604062,27.91823117,23.98957986,9.707593931,11.71712982
647,49.29186699,63.21670228,12.93396868,29.7899829,27.82127222,23.9634021,9.7042512,11.61343841
648,49.28916727,63.2161373,12.82142962,29.77413779,27.8282196,23.92455801,9.7006984,11.67565326
649,49.28708905,63.21594854,12.8445572,29.75848129,27.83225414,23.93334891,9.697927306,11.80008295
650,49.28541891,63.21577824,12.91748131,29.74340617,27.88479965,23.9712656,9.7000082,11.88303608
651,49.28655743,63.21588246,12.91329329,29.72857061,27.91303102,23.95275561,9.701902059,11.82082124
652,49.28695685,63.21591134,12.91483042,29.71368006,27.920668,23.96370817,9.701017248,11.71712982
653,49.28512036,63.21571051,12.81450865,29.69816284,27.83295794,23.92037613,9.697130922,11.77934467
654,49.28312872,63.21539032,12.82600883,29.6829802,27.81960938,23.9255546,9.696607317,11.59270012
655,49.28177667,63.21503715,12.79148856,29.6678462,27.85867085,23.91335257,9.690161087,12.00746578
656,49.28272861,63.21506387,12.91035816,29.65336316,27.86122687,23.9442163,9.694199323,11.71712982
657,49.2815884,63.21487367,12.91246704,29.63878234,27.90977745,23.94502908,9.688519382,11.9867275
658,49.28355682,63.21509493,12.96324099,29.62447459,27.89239044,23.97903644,9.695102892,11.77934467
659,49.28493138,63.21513247,12.84219937,29.60998111,27.89594143,23.94608198,9.692803662,11.88303608
660,49.28242454,63.21490303,12.89478876,29.59526863,27.82194221,23.94700977,9.693029835,11.63417669
661,49.27892726,63.21454991,12.80379061,29.5801097,27.76909623,23.89357308,9.689270147,11.82082124
662,49.27993987,63.21453476,12.91283663,29.56583145,27.82964238,23.9289321,9.687059586,11.67565326
663,49.27680413,63.21421685,12.85148029,29.55122592,27.82756971,23.91892006,9.684764617,11.90377437
664,49.27684098,63.21426082,12.94844307,29.53697694,27.81241086,23.94077663,9.685477304,11.59270012
665,49.27501926,63.21396204,12.86168953,29.52215366,27.78056699,23.91159411,9.679203785,11.82082124
666,49.27462341,63.21405557,12.88184342,29.5081841,27.83523354,23.89868916,9.679116118,11.96598922
667,49.27669234,63.21432804,12.94806512,29.494402,27.8392241,23.91015143,9.682441212,11.48900871
668,49.27301448,63.21378433,12.8140289,29.47889327,27.66875371,23.84726423,9.673805488,11.55122356
669,49.27075973,63.21349343,12.81474678,29.46426742,27.71202652,23.855363,9.667330889,11.77934467
670,49.27136369,63.21362226,12.88653699,29.45029798,27.76730513,23.87965122,9.667524222,11.7378681
671,49.27243533,63.21380563,12.8369558,29.43620543,27.77037214,23.85646529,9.666041326,11.8622978
672,49.27254658,63.21378288,12.89853554,29.42286564,27.85166939,23.90573378,9.669971554,11.92451265
673,49.27433158,63.21408463,12.94376314,29.40908232,27.78459067,23.91624335,9.675419304,11.57196184
674,49.27134388,63.21381839,12.83984579,29.39468443,27.73575133,23.87897884,9.667867621,11.69639154
675,49.27006729,63.2137962,12.82924273,29.3806109,27.72233099,23.85723902,9.66559003,11.65491497
676,49.26923834,63.21363573,12.83293402,29.36669715,27.74130805,23.86586887,9.662782362,11.69639154
677,49.27013373,63.21371238,12.8224653,29.35285039,27.73825589,23.86478333,9.659450715,11.84155952
678,49.26875006,63.21360458,12.89326235,29.3395299,27.77354958,23.89099404,9.663698657,11.65491497
679,49.2666834,63.21328961,12.83722089,29.32498066,27.62308609,23.83721209,9.660487825,11.28162588
680,49.26086811,63.21271804,12.63400507,29.31040332,27.63770849,23.77273097,9.647973445,11.84155952
681,49.26198769,63.21301886,12.807455,29.29744876,27.75373438,23.8459802,9.651953756,11.92451265
682,49.26185909,63.21302508,12.88527663,29.28463634,27.79509051,23.87334502,9.656094215,11.71712982
683,49.2594469,63.21275675,12.91540417,29.27167495,27.83152925,23.87317367,9.654393627,12.00746578
684,49.26239094,63.2131529,13.02526743,29.25911991,27.82719625,23.89486733,9.66310495,11.67565326
685,49.2606285,63.21305021,12.90731061,29.24560376,27.74248838,23.85169484,9.660135784,11.57196184
686,49.25881327,63.21252489,12.84802258,29.23183822,27.6794679,23.83055654,9.656198041,11.59270012
687,49.25790605,63.21258034,12.76480894,29.21846913,27.69970099,23.82573514,9.651024672,11.84155952
688,49.25790624,63.21252061,12.87126898,29.2057318,27.73700173,23.85370692,9.654069419,11.80008295
689,49.25626432,63.21238956,12.90349262,29.19302947,27.7595835,23.85556685,9.657551842,11.77934467
690,49.25509988,63.21227349,12.90784106,29.18013689,27.73205331,23.83496612,9.65873277,11.82082124
691,49.25564268,63.21239152,12.9387707,29.16715279,27.68197865,23.85097066,9.659066417,11.53048528
692,49.25354346,63.21208894,12.83433676,29.15412037,27.7183651,23.82878199,9.653323029,11.7378681
693,49.25477482,63.21223195,12.83327926,29.14147773,27.73393792,23.82787816,9.650719533,11.90377437
694,49.25383934,63.21214065,12.94213305,29.12943111,27.78450088,23.86500608,9.657270943,11.96598922
695,49.25389472,63.21208285,13.01028231,29.11745722,27.791187,23.87673072,9.663791714,11.7378681
696,49.25376833,63.21189782,12.96149913,29.10491564,27.75036527,23.85370803,9.66134683,11.71712982
697,49.25199617,63.21166582,12.94792001,29.09200219,27.66410609,23.8387711,9.659209616,11.46827043
698,49.24968418,63.21129991,12.82168308,29.07854274,27.59119626,23.78046009,9.647881173,11.57196184
699,49.24884764,63.21118057,12.79882212,29.06597092,27.66856649,23.78029149,9.64435083,11.96598922
700,49.24920153,63.21126126,12.95713233,29.05411376,27.70549193,23.83251013,9.652618525,11.69639154
701,49.24899429,63.2113747,12.88908463,29.04170457,27.69155709,23.81326667,9.649243449,11.84155952
702,49.24880684,63.21127004,12.92969606,29.03000479,27.75501402,23.83925178,9.652344248,11.80008295
703,49.25023568,63.21163351,12.92325322,29.01812786,27.7548682,23.83404465,9.652811125,11.88303608
704,49.25012624,63.21158042,12.96864098,29.00649082,27.76079444,23.8443668,9.655081434,11.84155952
705,49.25043116,63.21161966,12.93874473,28.99461493,27.72358866,23.83746881,9.656563539,11.46827043
706,49.24733291,63.21119643,12.77871398,28.98196479,27.66651455,23.78794451,9.646791389,12.04894235
707,49.24828018,63.21132518,12.94662345,28.97072751,27.71273535,23.83941368,9.654751073,11.67565326
708,49.24735781,63.21114129,12.8463522,28.95846958,27.65361805,23.79660233,9.652554121,11.75860639
709,49.24567092,63.21087454,12.89912151,28.94677651,27.68837634,23.82427836,9.653606017,11.71712982
710,49.24569891,63.21094184,12.85775924,28.93482988,27.66227197,23.79934555,9.652761427,11.63417669
711,49.2431575,63.21066979,12.82567975,28.92274007,27.63936887,23.77792558,9.650325893,11.7378681
712,49.2428326,63.21060644,12.89842265,28.91115288,27.67536289,23.79090083,9.650317051,11.8622978
713,49.24390448,63.21071761,12.94634848,28.89952939,27.64082135,23.80374636,9.653715988,11.48900871
714,49.24195479,63.21039892,12.86055589,28.88740678,27.63181122,23.77065869,9.645810396,11.67565326
715,49.24191757,63.2104344,12.80292643,28.87536452,27.58108117,23.74288806,9.643475378,11.77934467
716,49.24169153,63.21049692,12.84522939,28.86393393,27.62317934,23.77103024,9.643612091,11.69639154
717,49.24277664,63.21060613,12.81954107,28.85212418,27.58999817,23.75223509,9.639663648,11.44753214
718,49.2420746,63.21054467,12.698277,28.83987412,27.55891858,23.72105311,9.630768214,11.75860639
719,49.24207572,63.2105165,12.76563835,28.82862952,27.62085692,23.75427292,9.632096345,11.7378681
720,49.24189168,63.2104865,12.81149474,28.81726185,27.62216072,23.77513566,9.630066646,11.75860639
721,49.24186559,63.21034893,12.82195029,28.80579964,27.59255265,23.75177094,9.631648787,11.61343841
722,49.23934672,63.21001407,12.80568176,28.79423181,27.59098776,23.73738848,9.627989187,11.59270012
723,49.23834399,63.20984783,12.79849121,28.78268367,27.58809069,23.74916008,9.62378849,11.7378681
724,49.23846422,63.20971795,12.86665965,28.77170497,27.63285868,23.76982333,9.625651958,11.82082124
725,49.23911551,63.20982932,12.92702783,28.76105491,27.67479677,23.80117386,9.627313498,11.77934467
726,49.2387163,63.20970226,12.9126022,28.75000158,27.6265205,23.77323152,9.628038104,11.80008295
727,49.23756861,63.20965865,12.94559568,28.73887434,27.57908908,23.76333869,9.631289088,11.61343841
728,49.23595361,63.20937763,12.89295485,28.72736626,27.53584114,23.74671752,9.628295257,11.3853173
729,49.23347371,63.20901183,12.71474233,28.71566171,27.53418946,23.70374236,9.618002262,11.90377437
730,49.23484713,63.20923654,12.83002208,28.70539377,27.62468935,23.7485192,9.624673623,11.84155952
